표준키,키유형,TMS_견적코드,매칭방식,매칭신뢰도,검증상태,근거
"""",굿즈명,,수기,0.00,보류,unmatched score=0.00 freq=1
"""Eco페이퍼박스(T사이즈) 키트",굿즈명,ECPB,유사,0.40,보류,jaccard score=0.40 freq=1
"""Motion스탠다드박스(Tower) 키트",굿즈명,,수기,0.00,보류,unmatched score=0.00 freq=1
"""Open페이퍼박스(스탠다드) (영문버전)",굿즈명,OPPR,유사,0.40,보류,jaccard score=0.40 freq=1
"""Open페이퍼박스(스탠다드) 키트",굿즈명,OPPR,유사,0.40,보류,jaccard score=0.40 freq=1
"""Passion더스트백(반투명M) 키트",굿즈명,,수기,0.50,보류,jaccard score=0.50 freq=1
"""Passion더스트백(블랙M) 키트",굿즈명,,수기,0.50,보류,jaccard score=0.50 freq=1
"""Quality슬리브박스",굿즈명,,수기,0.00,보류,unmatched score=0.00 freq=1
"""Quality슬리브박스 키트",굿즈명,,수기,0.00,보류,unmatched score=0.00 freq=1
"""Raw코튼파우치(L",굿즈명,,수기,0.00,보류,unmatched score=0.00 freq=5
"""Simple슬라이드지퍼백(M)",굿즈명,,수기,0.00,보류,unmatched score=0.00 freq=1
"""Simple슬라이드지퍼백(M) 키150",굿즈명,,수기,0.00,보류,unmatched score=0.00 freq=1
"""Start틴케이스",굿즈명,,수기,0.00,보류,unmatched score=0.00 freq=1
"""Stationery페이퍼박스 키트",굿즈명,,수기,0.00,보류,unmatched score=0.00 freq=2
"""Storage펄프박스키트2",굿즈명,,수기,0.00,보류,unmatched score=0.00 freq=1
"""Two-way에코쇼핑백(XL)",굿즈명,,수기,0.00,보류,unmatched score=0.00 freq=1
"""굿이너프비치타월(FastTrack)",굿즈명,,수기,0.00,보류,unmatched score=0.00 freq=2
"""데일리짐색(단품)",굿즈명,,수기,0.00,보류,unmatched score=0.00 freq=3
"""데일리짐색(키트)",굿즈명,,수기,0.00,보류,unmatched score=0.00 freq=1
"""데코무선가습기",굿즈명,,수기,0.00,보류,unmatched score=0.00 freq=2
"""드레스업손거울",굿즈명,,수기,0.00,보류,unmatched score=0.00 freq=1
"""라미사파리펜",굿즈명,,수기,0.00,보류,unmatched score=0.00 freq=1
"""라이트샤오미펜",굿즈명,,수기,0.00,보류,unmatched score=0.00 freq=1
"""레더라벨캠핑체어",굿즈명,,수기,0.00,보류,unmatched score=0.00 freq=1
"""레더스킨다이어리(표준)",굿즈명,,수기,0.00,보류,unmatched score=0.00 freq=6
"""레디고런치박스",굿즈명,,수기,0.00,보류,unmatched score=0.00 freq=1
"""레터링유리머그 +홈카페코스터",굿즈명,,수기,0.00,보류,unmatched score=0.00 freq=1
"""로고스트랩파우치(단품)블루230",굿즈명,,수기,0.00,보류,unmatched score=0.00 freq=1
"""로고스트랩파우치(키트)",굿즈명,,수기,0.00,보류,unmatched score=0.00 freq=1
"""리마커블칫솔살균기",굿즈명,,수기,0.00,보류,unmatched score=0.00 freq=1
"""리유저블캘린더",굿즈명,,수기,0.00,보류,unmatched score=0.00 freq=1
"""리틀빅리유저블컵(아이보리)",굿즈명,,수기,0.00,보류,unmatched score=0.00 freq=1
"""매트블랙텀블러",굿즈명,,수기,0.00,보류,unmatched score=0.00 freq=1
"""메시지캐리어파우치",굿즈명,,수기,0.00,보류,unmatched score=0.00 freq=1
"""모바일오피스파우치",굿즈명,,수기,0.00,보류,unmatched score=0.00 freq=1
"""미스트워터보틀",굿즈명,,수기,0.00,보류,unmatched score=0.00 freq=1
"""밸류무선충전마우스패드",굿즈명,,수기,0.00,보류,unmatched score=0.00 freq=1
"""베케이션여권케이스",굿즈명,,수기,0.00,보류,unmatched score=0.00 freq=1
"""브랜디드노트북백 키트",굿즈명,,수기,0.00,보류,unmatched score=0.00 freq=1
"""브랜디드피규어",굿즈명,,수기,0.00,보류,unmatched score=0.00 freq=2
"""센텐스펜",굿즈명,,수기,0.00,보류,unmatched score=0.00 freq=1
"""슈가케인펜",굿즈명,,수기,0.00,보류,unmatched score=0.00 freq=3
"""스타트씨드키트",굿즈명,,수기,0.00,보류,unmatched score=0.00 freq=3
"""스탠드-업칫솔",굿즈명,,수기,0.00,보류,unmatched score=0.00 freq=1
"""스탠리슬림보틀",굿즈명,,수기,0.00,보류,unmatched score=0.00 freq=1
"""스펙트럼컬러펜",굿즈명,,수기,0.00,보류,unmatched score=0.00 freq=2
"""슬로건다이어리(표준)",굿즈명,,수기,0.00,보류,unmatched score=0.00 freq=4
"""시그니처다이어리(표준)",굿즈명,,수기,0.00,보류,unmatched score=0.00 freq=1
"""어썸그립",굿즈명,,수기,0.00,보류,unmatched score=0.00 freq=1
"""어태치보조배터리",굿즈명,,수기,0.00,보류,unmatched score=0.00 freq=2
"""어텐션스포츠보틀",굿즈명,,수기,0.00,보류,unmatched score=0.00 freq=2
"""에너제틱목마사지기",굿즈명,,수기,0.00,보류,unmatched score=0.00 freq=2
"""에디트캘린더",굿즈명,,수기,0.00,보류,unmatched score=0.00 freq=1
"""에센셜장우산(실버)",굿즈명,,수기,0.00,보류,unmatched score=0.00 freq=1
"""오토매틱와인오프너",굿즈명,,수기,0.00,보류,unmatched score=0.00 freq=2
"""오피스마우스패드(스티커 부착)",굿즈명,,수기,0.00,보류,unmatched score=0.00 freq=1
"""올데이텀블러",굿즈명,,수기,0.00,보류,unmatched score=0.00 freq=1
"""올블랙펜",굿즈명,,수기,0.00,보류,unmatched score=0.00 freq=1
"""올웨이즈양우산",굿즈명,,수기,0.00,보류,unmatched score=0.00 freq=1
"""와이드클립펜",굿즈명,,수기,0.00,보류,unmatched score=0.00 freq=1
"""월드오브피규어Set",굿즈명,,수기,0.00,보류,unmatched score=0.00 freq=1
"""월드와이드멀티어댑터",굿즈명,,수기,0.00,보류,unmatched score=0.00 freq=1
"""유니크디퓨저",굿즈명,,수기,0.00,보류,unmatched score=0.00 freq=1
"""인스타피규어",굿즈명,,수기,0.00,보류,unmatched score=0.00 freq=1
"""인스타피규어(얼굴+모자(헬맷)",굿즈명,,수기,0.00,보류,unmatched score=0.00 freq=1
"""임팩트슬로건타월",굿즈명,,수기,0.00,보류,unmatched score=0.00 freq=1
"""캔버스피크닉매트",굿즈명,,수기,0.00,보류,unmatched score=0.00 freq=1
"""캔버스피크닉매트(1인용)",굿즈명,,수기,0.00,보류,unmatched score=0.00 freq=1
"""클립아트펜",굿즈명,,수기,0.00,보류,unmatched score=0.00 freq=2
"""킵세이프마그넷배터리",굿즈명,,수기,0.00,보류,unmatched score=0.00 freq=2
"""톤앤톤쿨러백(단품)",굿즈명,,수기,0.00,보류,unmatched score=0.00 freq=1
"""트리플컬러펜∣JETSTREAM",굿즈명,,수기,0.00,보류,unmatched score=0.00 freq=2
"""페이퍼샤쉐1- 워터폴 - 네이비커버",굿즈명,,수기,0.00,보류,unmatched score=0.00 freq=1
"""펠트스트링파우치 키트",굿즈명,,수기,0.00,보류,unmatched score=0.00 freq=1
"""포시즌블랭킷(무릎담요)",굿즈명,,수기,0.00,보류,unmatched score=0.00 freq=1
"""포시즌티셔츠",굿즈명,,수기,0.00,보류,unmatched score=0.00 freq=1
"""폴더블 텀블러 실크",굿즈명,,수기,0.00,보류,unmatched score=0.00 freq=1
"""풀커버스프링노트",굿즈명,,수기,0.00,보류,unmatched score=0.00 freq=1
"""프레젠트골프공3구",굿즈명,,수기,0.00,보류,unmatched score=0.00 freq=1
"""프리미엄린넨샤쉐",굿즈명,,수기,0.00,보류,unmatched score=0.00 freq=1
"""플러스멀티충전스테이션",굿즈명,,수기,0.00,보류,unmatched score=0.00 freq=2
"""피규어주차번호판",굿즈명,,수기,0.00,보류,unmatched score=0.00 freq=2
"""하이킹폴딩방석",굿즈명,,수기,0.00,보류,unmatched score=0.00 freq=3
"""핸디링미니선풍기",굿즈명,,수기,0.00,보류,unmatched score=0.00 freq=2
"""헬로카드형USB",굿즈명,,수기,0.00,보류,unmatched score=0.00 freq=1
"""홈카페코스터",굿즈명,,수기,0.00,보류,unmatched score=0.00 freq=1
"""히트업손난로보조배터리",굿즈명,,수기,0.00,보류,unmatched score=0.00 freq=2
(,굿즈명,,수기,0.00,보류,unmatched score=0.00 freq=5
( 34박스),굿즈명,,수기,0.00,보류,unmatched score=0.00 freq=1
( 3박스),굿즈명,,수기,0.00,보류,unmatched score=0.00 freq=1
(+ 피크닉매트+캐리미와인잔),굿즈명,,수기,0.00,보류,unmatched score=0.00 freq=1
(+러그+포시즌블랭킷+코스터+아이콘콜드컵),굿즈명,,수기,0.00,보류,unmatched score=0.00 freq=2
(100매) set,굿즈명,,수기,0.00,보류,unmatched score=0.00 freq=1
(11),굿즈명,,수기,0.00,보류,unmatched score=0.00 freq=1
(11박스),굿즈명,,수기,0.00,보류,unmatched score=0.00 freq=1
"(12)""",굿즈명,,수기,0.00,보류,unmatched score=0.00 freq=1
(12박스),굿즈명,,수기,0.00,보류,unmatched score=0.00 freq=1
(13박스),굿즈명,,수기,0.00,보류,unmatched score=0.00 freq=1
(14),굿즈명,,수기,0.00,보류,unmatched score=0.00 freq=1
(15box),굿즈명,,수기,0.00,보류,unmatched score=0.00 freq=1
(16박스),굿즈명,,수기,0.00,보류,unmatched score=0.00 freq=1
(1box),굿즈명,,수기,0.00,보류,unmatched score=0.00 freq=1
(1박스),굿즈명,,수기,0.00,보류,unmatched score=0.00 freq=15
(2),굿즈명,,수기,0.00,보류,unmatched score=0.00 freq=1
(2)5),굿즈명,,수기,0.00,보류,unmatched score=0.00 freq=1
(20박스),굿즈명,,수기,0.00,보류,unmatched score=0.00 freq=1
(230),굿즈명,,수기,0.00,보류,unmatched score=0.00 freq=1
(23박스),굿즈명,,수기,0.00,보류,unmatched score=0.00 freq=1
(240),굿즈명,,수기,0.00,보류,unmatched score=0.00 freq=1
(250),굿즈명,,수기,0.00,보류,unmatched score=0.00 freq=1
(25박스),굿즈명,,수기,0.00,보류,unmatched score=0.00 freq=1
(260),굿즈명,,수기,0.00,보류,unmatched score=0.00 freq=1
(26박스),굿즈명,,수기,0.00,보류,unmatched score=0.00 freq=1
(270),굿즈명,,수기,0.00,보류,unmatched score=0.00 freq=1
(2XL),굿즈명,,수기,0.00,보류,unmatched score=0.00 freq=3
(2박스),굿즈명,,수기,0.00,보류,unmatched score=0.00 freq=1
(3),굿즈명,,수기,0.00,보류,unmatched score=0.00 freq=1
(35박스),굿즈명,,수기,0.00,보류,unmatched score=0.00 freq=1
(3L),굿즈명,,수기,0.00,보류,unmatched score=0.00 freq=5
(3L)40,굿즈명,,수기,0.00,보류,unmatched score=0.00 freq=1
(3XL),굿즈명,,수기,0.00,보류,unmatched score=0.00 freq=2
(3박스),굿즈명,,수기,0.00,보류,unmatched score=0.00 freq=3
(4L),굿즈명,,수기,0.00,보류,unmatched score=0.00 freq=5
(4L)30,굿즈명,,수기,0.00,보류,unmatched score=0.00 freq=1
(4box),굿즈명,,수기,0.00,보류,unmatched score=0.00 freq=1
(4박스),굿즈명,,수기,0.00,보류,unmatched score=0.00 freq=1
(5L),굿즈명,,수기,0.00,보류,unmatched score=0.00 freq=3
(5L)10,굿즈명,,수기,0.00,보류,unmatched score=0.00 freq=1
(5박스),굿즈명,,수기,0.00,보류,unmatched score=0.00 freq=1
(6BOX),굿즈명,,수기,0.00,보류,unmatched score=0.00 freq=1
(6box),굿즈명,,수기,0.00,보류,unmatched score=0.00 freq=1
(6개입 * 42박스),굿즈명,,수기,0.00,보류,unmatched score=0.00 freq=1
(7박스),굿즈명,,수기,0.00,보류,unmatched score=0.00 freq=3
(8,굿즈명,,수기,0.00,보류,unmatched score=0.00 freq=1
(8),굿즈명,,수기,0.00,보류,unmatched score=0.00 freq=1
(8묶음),굿즈명,,수기,0.00,보류,unmatched score=0.00 freq=1
(8박스),굿즈명,,수기,0.00,보류,unmatched score=0.00 freq=2
(8핀,굿즈명,,수기,0.00,보류,unmatched score=0.00 freq=1
(8핀),굿즈명,,수기,0.00,보류,unmatched score=0.00 freq=1
(9박스),굿즈명,,수기,0.00,보류,unmatched score=0.00 freq=1
(A,굿즈명,,수기,0.00,보류,unmatched score=0.00 freq=1
(L),굿즈명,,수기,0.00,보류,unmatched score=0.00 freq=8
(LL),굿즈명,,수기,0.00,보류,unmatched score=0.00 freq=5
(LL)20,굿즈명,,수기,0.00,보류,unmatched score=0.00 freq=1
(M),굿즈명,,수기,0.00,보류,unmatched score=0.00 freq=5
(O형링205),굿즈명,,수기,0.00,보류,unmatched score=0.00 freq=1
(PNA37363-프라이머스케이),굿즈명,,수기,0.00,보류,unmatched score=0.00 freq=2
(PNA38406-여기어때),굿즈명,,수기,0.00,보류,unmatched score=0.00 freq=5
(PNA50147-텐텍),굿즈명,,수기,0.00,보류,unmatched score=0.00 freq=14
(S),굿즈명,,수기,0.00,보류,unmatched score=0.00 freq=2
(XL ),굿즈명,,수기,0.00,보류,unmatched score=0.00 freq=1
(XL),굿즈명,,수기,0.00,보류,unmatched score=0.00 freq=2
(개별),굿즈명,,수기,0.00,보류,unmatched score=0.00 freq=1
(광주),굿즈명,,수기,0.00,보류,unmatched score=0.00 freq=1
(구버전156),굿즈명,,수기,0.00,보류,unmatched score=0.00 freq=1
(기존로고)150,굿즈명,,수기,0.00,보류,unmatched score=0.00 freq=1
(내부 확인용 선출고),굿즈명,,수기,0.00,보류,unmatched score=0.00 freq=1
(다이어리-레드)50,굿즈명,,수기,0.00,보류,unmatched score=0.00 freq=1
(다이어리-블루)55,굿즈명,,수기,0.00,보류,unmatched score=0.00 freq=1
(다이어리없음)30,굿즈명,,수기,0.00,보류,unmatched score=0.00 freq=1
(단발머리),굿즈명,,수기,0.00,보류,unmatched score=0.00 freq=1
(데코스티커없음 키트1개포함),굿즈명,,수기,0.00,보류,unmatched score=0.00 freq=1
(뚜껑),굿즈명,,수기,0.00,보류,unmatched score=0.00 freq=1
(롤),굿즈명,,수기,0.00,보류,unmatched score=0.00 freq=1
(바디),굿즈명,,수기,0.00,보류,unmatched score=0.00 freq=1
(벌크전달),굿즈명,,수기,0.00,보류,unmatched score=0.00 freq=1
(보관),굿즈명,,수기,0.00,보류,unmatched score=0.00 freq=1
(블루),굿즈명,,수기,0.00,보류,unmatched score=0.00 freq=1
(블리스터310+배경지310포함),굿즈명,,수기,0.00,보류,unmatched score=0.00 freq=1
(샘플),굿즈명,,수기,0.00,보류,unmatched score=0.00 freq=1
(스와치동봉),굿즈명,,수기,0.00,보류,unmatched score=0.00 freq=1
(스타트씨드키트 500),굿즈명,,수기,0.00,보류,unmatched score=0.00 freq=1
(스티커 미부착,굿즈명,,수기,0.00,보류,unmatched score=0.00 freq=1
(스티커 부착),굿즈명,,수기,0.00,보류,unmatched score=0.00 freq=1
(슬리브 X),굿즈명,,수기,0.00,보류,unmatched score=0.00 freq=2
(슬리퍼 사이즈 240-,굿즈명,,수기,0.00,보류,unmatched score=0.00 freq=1
(신버전110,굿즈명,,수기,0.00,보류,unmatched score=0.00 freq=1
(여분),굿즈명,,수기,0.00,보류,unmatched score=0.00 freq=3
(여유),굿즈명,,수기,0.00,보류,unmatched score=0.00 freq=2
(외박스,굿즈명,,수기,0.00,보류,unmatched score=0.00 freq=2
(울산과학기술원),굿즈명,,수기,0.00,보류,unmatched score=0.00 freq=1
(일산),굿즈명,,수기,0.00,보류,unmatched score=0.00 freq=1
(잔여분:내추럴노트3),굿즈명,,수기,0.00,보류,unmatched score=0.00 freq=1
(잔여분:캘린더12),굿즈명,,수기,0.00,보류,unmatched score=0.00 freq=1
(잔여분클립아트펜1,굿즈명,,수기,0.00,보류,unmatched score=0.00 freq=1
(재임가공),굿즈명,,수기,0.00,보류,unmatched score=0.00 freq=2
(재제작),굿즈명,,수기,0.00,보류,unmatched score=0.00 freq=1
(주문서,굿즈명,,수기,0.00,보류,unmatched score=0.00 freq=1
(짧은머리),굿즈명,,수기,0.00,보류,unmatched score=0.00 freq=1
(창원),굿즈명,,수기,0.00,보류,unmatched score=0.00 freq=1
(테스트용),굿즈명,,수기,0.00,보류,unmatched score=0.00 freq=1
(투명손잡이백 + 스티커)50,굿즈명,,수기,0.00,보류,unmatched score=0.00 freq=1
(포시즌티셔츠-L) -,굿즈명,,수기,0.00,보류,unmatched score=0.00 freq=1
(포시즌티셔츠-M) -,굿즈명,,수기,0.00,보류,unmatched score=0.00 freq=1
(포시즌티셔츠-S) -,굿즈명,,수기,0.00,보류,unmatched score=0.00 freq=1
(포시즌티셔츠-XL) -,굿즈명,,수기,0.00,보류,unmatched score=0.00 freq=1
(포항공과대학교),굿즈명,,수기,0.00,보류,unmatched score=0.00 freq=1
(풀필먼트(보관)),굿즈명,,수기,0.00,보류,unmatched score=0.00 freq=1
(한번에 벌크박스),굿즈명,,수기,0.00,보류,unmatched score=0.00 freq=1
(합포장 1),굿즈명,,수기,0.00,보류,unmatched score=0.00 freq=5
(합포장 1박스),굿즈명,,수기,0.00,보류,unmatched score=0.00 freq=8
(합포장 2),굿즈명,,수기,0.00,보류,unmatched score=0.00 freq=2
(합포장),굿즈명,,수기,0.00,보류,unmatched score=0.00 freq=4
(화이트,굿즈명,,수기,0.00,보류,unmatched score=0.00 freq=4
(화이트컬러),굿즈명,,수기,0.00,보류,unmatched score=0.00 freq=1
),굿즈명,,수기,0.00,보류,unmatched score=0.00 freq=3
*,굿즈명,,수기,0.00,보류,unmatched score=0.00 freq=1
* 1 중,굿즈명,,수기,0.00,보류,unmatched score=0.00 freq=2
* 24 box,굿즈명,,수기,0.00,보류,unmatched score=0.00 freq=1
* 32 box,굿즈명,,수기,0.00,보류,unmatched score=0.00 freq=1
* 7box,굿즈명,,수기,0.00,보류,unmatched score=0.00 freq=1
+ 벨벳화이트,굿즈명,,수기,0.00,보류,unmatched score=0.00 freq=2
+ 여분,굿즈명,,수기,0.00,보류,unmatched score=0.00 freq=7
+ 여분수량(발생시),굿즈명,,수기,0.00,보류,unmatched score=0.00 freq=1
+ 여유,굿즈명,,수기,0.00,보류,unmatched score=0.00 freq=2
+ 여유 (마곡),굿즈명,,수기,0.00,보류,unmatched score=0.00 freq=1
+ 여유분,굿즈명,,수기,0.00,보류,unmatched score=0.00 freq=1
+ 여유수량,굿즈명,,수기,0.00,보류,unmatched score=0.00 freq=1
+PLAY짐색1),굿즈명,,수기,0.00,보류,unmatched score=0.00 freq=1
+PLAY짐색2),굿즈명,,수기,0.00,보류,unmatched score=0.00 freq=1
+PLAY짐색4),굿즈명,,수기,0.00,보류,unmatched score=0.00 freq=2
+PLAY짐색8),굿즈명,,수기,0.00,보류,unmatched score=0.00 freq=2
+스탠드업 칫솔 화이트,굿즈명,,수기,0.00,보류,unmatched score=0.00 freq=1
+여분,굿즈명,,수기,0.00,보류,unmatched score=0.00 freq=1
+여유분,굿즈명,,수기,0.00,보류,unmatched score=0.00 freq=4
+잔여분(레더스킨다이어리1,굿즈명,,수기,0.00,보류,unmatched score=0.00 freq=1
+잔여분(브랜드잇1,굿즈명,,수기,0.00,보류,unmatched score=0.00 freq=1
- (1박스),굿즈명,,수기,0.00,보류,unmatched score=0.00 freq=1
- 목동,굿즈명,,수기,0.00,보류,unmatched score=0.00 freq=1
- 워터폴 - 네이비커버,굿즈명,,수기,0.00,보류,unmatched score=0.00 freq=1
- 중,굿즈명,,수기,0.00,보류,unmatched score=0.00 freq=2
- 투스칸오렌지 - 오렌지커버,굿즈명,,수기,0.00,보류,unmatched score=0.00 freq=1
- 하얀주공,굿즈명,,수기,0.00,보류,unmatched score=0.00 freq=1
- 화이트티엔타임 - 핑크커버,굿즈명,,수기,0.00,보류,unmatched score=0.00 freq=1
"- 화이트티엔타임 - 핑크커버""",굿즈명,,수기,0.00,보류,unmatched score=0.00 freq=1
-240 :,굿즈명,,수기,0.00,보류,unmatched score=0.00 freq=5
-260 :,굿즈명,,수기,0.00,보류,unmatched score=0.00 freq=4
-270 :,굿즈명,,수기,0.00,보류,unmatched score=0.00 freq=5
-280 :,굿즈명,,수기,0.00,보류,unmatched score=0.00 freq=5
-295 :,굿즈명,,수기,0.00,보류,unmatched score=0.00 freq=3
-> PNA50453-피닉스다트,굿즈명,,수기,0.00,보류,unmatched score=0.00 freq=1
010-7275-9469,굿즈명,,수기,0.00,보류,unmatched score=0.00 freq=1
1,굿즈명,,수기,0.00,보류,unmatched score=0.00 freq=4
1 * 1 중,굿즈명,,수기,0.00,보류,unmatched score=0.00 freq=2
1 * 1 중대형,굿즈명,,수기,0.00,보류,unmatched score=0.00 freq=1
1. VIP 키트,굿즈명,,수기,0.00,보류,unmatched score=0.00 freq=1
1. 스탠리 보틀 미포함(320set),굿즈명,STLS,유사,0.40,보류,jaccard score=0.40 freq=1
1. 스탠리 보틀이 포함된 키트 (160set),굿즈명,,수기,0.00,보류,unmatched score=0.00 freq=1
1. 콜드컵+스포츠타올 (박스지지대 미포함) 11세트,굿즈명,,수기,0.00,보류,unmatched score=0.00 freq=1
1. 콜드컵+스포츠타올 (박스지지대 미포함) 3세트,굿즈명,,수기,0.00,보류,unmatched score=0.00 freq=1
100 -,굿즈명,,수기,0.00,보류,unmatched score=0.00 freq=1
1000권이상),굿즈명,,수기,0.00,보류,unmatched score=0.00 freq=8
105 -,굿즈명,,수기,0.00,보류,unmatched score=0.00 freq=1
110 -,굿즈명,,수기,0.00,보류,unmatched score=0.00 freq=1
115 -,굿즈명,,수기,0.00,보류,unmatched score=0.00 freq=1
12 * 1 대,굿즈명,,수기,0.00,보류,unmatched score=0.00 freq=1
120 -,굿즈명,,수기,0.00,보류,unmatched score=0.00 freq=1
14개포함),굿즈명,,수기,0.00,보류,unmatched score=0.00 freq=1
150,굿즈명,,수기,0.00,보류,unmatched score=0.00 freq=1
15개입 *,굿즈명,,수기,0.00,보류,unmatched score=0.00 freq=1
17개포함),굿즈명,,수기,0.00,보류,unmatched score=0.00 freq=1
19곳으로 출고 예정,굿즈명,,수기,0.00,보류,unmatched score=0.00 freq=1
1봉지,굿즈명,,수기,0.00,보류,unmatched score=0.00 freq=1
2,굿즈명,,수기,0.00,보류,unmatched score=0.00 freq=1
2 * 1 중,굿즈명,,수기,0.00,보류,unmatched score=0.00 freq=1
2. 쇼핑백(160개),굿즈명,,수기,0.00,보류,unmatched score=0.00 freq=1
2. 패키징 웰컴키트,굿즈명,,수기,0.00,보류,unmatched score=0.00 freq=1
2.  스탠리 보틀이 포함된 키트 (90set),굿즈명,,수기,0.00,보류,unmatched score=0.00 freq=1
20 * 1 특대,굿즈명,,수기,0.00,보류,unmatched score=0.00 freq=3
20 * 2 특대,굿즈명,,수기,0.00,보류,unmatched score=0.00 freq=1
20(여분),굿즈명,,수기,0.00,보류,unmatched score=0.00 freq=1
200,굿즈명,,수기,0.00,보류,unmatched score=0.00 freq=1
2023_12_18_포트폴리오 발송,굿즈명,,수기,0.00,보류,unmatched score=0.00 freq=1
2023ver),굿즈명,,수기,0.00,보류,unmatched score=0.00 freq=3
2024-06-24-포트폴리오,굿즈명,,수기,0.00,보류,unmatched score=0.00 freq=1
2024-07-15-포트폴리오,굿즈명,,수기,0.00,보류,unmatched score=0.00 freq=1
2024-07-29-쇼룸,굿즈명,,수기,0.00,보류,unmatched score=0.00 freq=1
2024-07-29-포트폴리오,굿즈명,,수기,0.00,보류,unmatched score=0.00 freq=1
2024-10-07-쇼룸,굿즈명,,수기,0.00,보류,unmatched score=0.00 freq=1
2024-10-21-쇼룸,굿즈명,,수기,0.00,보류,unmatched score=0.00 freq=1
2024-10-21-포트폴리오,굿즈명,,수기,0.00,보류,unmatched score=0.00 freq=1
2024-10-28-포트폴리오,굿즈명,,수기,0.00,보류,unmatched score=0.00 freq=1
2024-11-04-포트폴리오,굿즈명,,수기,0.00,보류,unmatched score=0.00 freq=1
2024-11-11-포트폴리오,굿즈명,,수기,0.00,보류,unmatched score=0.00 freq=1
2024-11-18-쇼룸,굿즈명,,수기,0.00,보류,unmatched score=0.00 freq=1
2024-11-18-포트폴리오,굿즈명,,수기,0.00,보류,unmatched score=0.00 freq=1
2024-12-23-포트폴리오,굿즈명,,수기,0.00,보류,unmatched score=0.00 freq=1
2025-01-06-포트폴리오,굿즈명,,수기,0.00,보류,unmatched score=0.00 freq=1
2025-01-20-쇼룸,굿즈명,,수기,0.00,보류,unmatched score=0.00 freq=1
2025-01-20-쏘리키트,굿즈명,,수기,0.00,보류,unmatched score=0.00 freq=1
2025-02-17-포트폴리오,굿즈명,,수기,0.00,보류,unmatched score=0.00 freq=1
2025-03-04-포트폴리오,굿즈명,,수기,0.00,보류,unmatched score=0.00 freq=1
2025-03-17-포트폴리오,굿즈명,,수기,0.00,보류,unmatched score=0.00 freq=1
2025-05-19-쇼룸,굿즈명,,수기,0.00,보류,unmatched score=0.00 freq=1
20개입 *,굿즈명,,수기,0.00,보류,unmatched score=0.00 freq=1
230 사이즈,굿즈명,,수기,0.00,보류,unmatched score=0.00 freq=5
230),굿즈명,,수기,0.00,보류,unmatched score=0.00 freq=1
240 사이즈,굿즈명,,수기,0.00,보류,unmatched score=0.00 freq=5
240),굿즈명,,수기,0.00,보류,unmatched score=0.00 freq=1
250 사이즈,굿즈명,,수기,0.00,보류,unmatched score=0.00 freq=4
250),굿즈명,,수기,0.00,보류,unmatched score=0.00 freq=1
250사이즈,굿즈명,,수기,0.00,보류,unmatched score=0.00 freq=1
260 사이즈,굿즈명,,수기,0.00,보류,unmatched score=0.00 freq=5
260),굿즈명,,수기,0.00,보류,unmatched score=0.00 freq=1
270 : 100개) + 데코스티커,굿즈명,,수기,0.00,보류,unmatched score=0.00 freq=1
270 사이즈,굿즈명,,수기,0.00,보류,unmatched score=0.00 freq=5
270),굿즈명,,수기,0.00,보류,unmatched score=0.00 freq=1
270-152개),굿즈명,,수기,0.00,보류,unmatched score=0.00 freq=1
270사이즈,굿즈명,,수기,0.00,보류,unmatched score=0.00 freq=1
28),굿즈명,,수기,0.00,보류,unmatched score=0.00 freq=1
280 5개)),굿즈명,,수기,0.00,보류,unmatched score=0.00 freq=1
280 사이즈,굿즈명,,수기,0.00,보류,unmatched score=0.00 freq=4
280),굿즈명,,수기,0.00,보류,unmatched score=0.00 freq=1
280사이즈,굿즈명,,수기,0.00,보류,unmatched score=0.00 freq=1
290 사이즈,굿즈명,,수기,0.00,보류,unmatched score=0.00 freq=2
290),굿즈명,,수기,0.00,보류,unmatched score=0.00 freq=1
290사이즈,굿즈명,,수기,0.00,보류,unmatched score=0.00 freq=1
295 사이즈,굿즈명,,수기,0.00,보류,unmatched score=0.00 freq=1
2L : 12장,굿즈명,,수기,0.00,보류,unmatched score=0.00 freq=1
2XL,굿즈명,,수기,0.00,보류,unmatched score=0.00 freq=9
2XL -,굿즈명,,수기,0.00,보류,unmatched score=0.00 freq=1
2XL 사이즈,굿즈명,,수기,0.00,보류,unmatched score=0.00 freq=11
2XL(5),굿즈명,,수기,0.00,보류,unmatched score=0.00 freq=1
2XL),굿즈명,,수기,0.00,보류,unmatched score=0.00 freq=2
2XL8,굿즈명,,수기,0.00,보류,unmatched score=0.00 freq=1
2롤,굿즈명,,수기,0.00,보류,unmatched score=0.00 freq=1
2봉지,굿즈명,,수기,0.00,보류,unmatched score=0.00 freq=1
2종 1) * 1 중대,굿즈명,,수기,0.00,보류,unmatched score=0.00 freq=1
3,굿즈명,,수기,0.00,보류,unmatched score=0.00 freq=2
3. 단품 포장,굿즈명,,수기,0.00,보류,unmatched score=0.00 freq=1
3. 쇼핑백,굿즈명,,수기,0.00,보류,unmatched score=0.00 freq=1
3031,굿즈명,,수기,0.00,보류,unmatched score=0.00 freq=1
3L,굿즈명,,수기,0.00,보류,unmatched score=0.00 freq=7
3L -,굿즈명,,수기,0.00,보류,unmatched score=0.00 freq=3
3L : 7장,굿즈명,,수기,0.00,보류,unmatched score=0.00 freq=1
3L 사이즈,굿즈명,,수기,0.00,보류,unmatched score=0.00 freq=2
3XL,굿즈명,,수기,0.00,보류,unmatched score=0.00 freq=4
3XL 사이즈,굿즈명,,수기,0.00,보류,unmatched score=0.00 freq=3
3XL),굿즈명,,수기,0.00,보류,unmatched score=0.00 freq=1
3단암막우산,굿즈명,,수기,0.00,보류,unmatched score=0.00 freq=1
400,굿즈명,,수기,0.00,보류,unmatched score=0.00 freq=1
4249,굿즈명,,수기,0.00,보류,unmatched score=0.00 freq=1
430,굿즈명,,수기,0.00,보류,unmatched score=0.00 freq=1
4562,굿즈명,,수기,0.00,보류,unmatched score=0.00 freq=1
485,굿즈명,,수기,0.00,보류,unmatched score=0.00 freq=1
4L,굿즈명,,수기,0.00,보류,unmatched score=0.00 freq=3
4L -,굿즈명,,수기,0.00,보류,unmatched score=0.00 freq=1
4L : 1장,굿즈명,,수기,0.00,보류,unmatched score=0.00 freq=1
4L 사이즈,굿즈명,,수기,0.00,보류,unmatched score=0.00 freq=1
4XL,굿즈명,,수기,0.00,보류,unmatched score=0.00 freq=4
4XL -,굿즈명,,수기,0.00,보류,unmatched score=0.00 freq=1
4XL 사이즈,굿즈명,,수기,0.00,보류,unmatched score=0.00 freq=3
5+잔여분(버티컬무선충전패드2,굿즈명,,수기,0.00,보류,unmatched score=0.00 freq=1
500,굿즈명,,수기,0.00,보류,unmatched score=0.00 freq=1
5021,굿즈명,,수기,0.00,보류,unmatched score=0.00 freq=1
5L,굿즈명,,수기,0.00,보류,unmatched score=0.00 freq=1
5L : 3장,굿즈명,,수기,0.00,보류,unmatched score=0.00 freq=1
5XL,굿즈명,,수기,0.00,보류,unmatched score=0.00 freq=1
5XL 사이즈,굿즈명,,수기,0.00,보류,unmatched score=0.00 freq=1
6 대,굿즈명,,수기,0.00,보류,unmatched score=0.00 freq=1
629,굿즈명,,수기,0.00,보류,unmatched score=0.00 freq=1
64GB],굿즈명,,수기,0.00,보류,unmatched score=0.00 freq=1
6in1   케이블 키트,굿즈명,,수기,0.00,보류,unmatched score=0.00 freq=1
6in1  케이블 키트,굿즈명,,수기,0.00,보류,unmatched score=0.00 freq=2
6in1 케이블 키트,굿즈명,,수기,0.00,보류,unmatched score=0.00 freq=3
704 출고,굿즈명,,수기,0.00,보류,unmatched score=0.00 freq=1
8핀 -,굿즈명,,수기,0.00,보류,unmatched score=0.00 freq=1
8핀)키트,굿즈명,,수기,0.50,보류,jaccard score=0.50 freq=1
A-6 골프공 키트,굿즈명,,수기,0.00,보류,unmatched score=0.00 freq=1
A-6 텀블러 키트,굿즈명,,수기,0.00,보류,unmatched score=0.00 freq=1
A18,굿즈명,,수기,0.00,보류,unmatched score=0.00 freq=1
A189,굿즈명,,수기,0.00,보류,unmatched score=0.00 freq=1
A24,굿즈명,,수기,0.00,보류,unmatched score=0.00 freq=1
A291,굿즈명,,수기,0.00,보류,unmatched score=0.00 freq=1
A35하드캐리어파우치(메탈그레이),굿즈명,,수기,0.00,보류,unmatched score=0.00 freq=2
A36,굿즈명,,수기,0.00,보류,unmatched score=0.00 freq=1
A38,굿즈명,,수기,0.00,보류,unmatched score=0.00 freq=1
A4,굿즈명,,수기,0.00,보류,unmatched score=0.00 freq=1
A43,굿즈명,,수기,0.00,보류,unmatched score=0.00 freq=1
A47,굿즈명,,수기,0.00,보류,unmatched score=0.00 freq=1
A49,굿즈명,,수기,0.00,보류,unmatched score=0.00 freq=1
A8,굿즈명,,수기,0.00,보류,unmatched score=0.00 freq=1
A80,굿즈명,,수기,0.00,보류,unmatched score=0.00 freq=1
A82,굿즈명,,수기,0.00,보류,unmatched score=0.00 freq=1
A85,굿즈명,,수기,0.00,보류,unmatched score=0.00 freq=1
A90,굿즈명,,수기,0.00,보류,unmatched score=0.00 freq=1
A96,굿즈명,,수기,0.00,보류,unmatched score=0.00 freq=1
Advent굿즈박스키트,굿즈명,,수기,0.00,보류,unmatched score=0.00 freq=1
B,굿즈명,,수기,0.00,보류,unmatched score=0.00 freq=1
B&C(즐겨봐박스39,굿즈명,,수기,0.00,보류,unmatched score=0.00 freq=1
B106,굿즈명,,수기,0.00,보류,unmatched score=0.00 freq=1
B187,굿즈명,,수기,0.00,보류,unmatched score=0.00 freq=1
B19,굿즈명,,수기,0.00,보류,unmatched score=0.00 freq=2
B293,굿즈명,,수기,0.00,보류,unmatched score=0.00 freq=1
B37,굿즈명,,수기,0.00,보류,unmatched score=0.00 freq=1
B38,굿즈명,,수기,0.00,보류,unmatched score=0.00 freq=1
B4,굿즈명,,수기,0.00,보류,unmatched score=0.00 freq=1
B42,굿즈명,,수기,0.00,보류,unmatched score=0.00 freq=1
B43,굿즈명,,수기,0.00,보류,unmatched score=0.00 freq=1
B50,굿즈명,,수기,0.00,보류,unmatched score=0.00 freq=1
B7,굿즈명,,수기,0.00,보류,unmatched score=0.00 freq=1
B79,굿즈명,,수기,0.00,보류,unmatched score=0.00 freq=1
B81,굿즈명,,수기,0.00,보류,unmatched score=0.00 freq=1
B87,굿즈명,,수기,0.00,보류,unmatched score=0.00 freq=1
B88,굿즈명,,수기,0.00,보류,unmatched score=0.00 freq=1
BLANKUV칫솔살균기 + 스탠드-업칫솔,굿즈명,,수기,0.00,보류,unmatched score=0.00 freq=2
BLANKUV칫솔살균기1),굿즈명,,수기,0.00,보류,unmatched score=0.00 freq=2
BLANKUV칫솔살균기220,굿즈명,,수기,0.00,보류,unmatched score=0.00 freq=1
Brandfit커스텀쇼핑백 M100,굿즈명,,수기,0.00,보류,unmatched score=0.00 freq=1
Brandfit커스텀쇼핑백 S100,굿즈명,,수기,0.00,보류,unmatched score=0.00 freq=1
"Brandfit커스텀쇼핑백500""",굿즈명,,수기,0.00,보류,unmatched score=0.00 freq=1
C),굿즈명,,수기,0.00,보류,unmatched score=0.00 freq=1
C-4 키트,굿즈명,,수기,0.00,보류,unmatched score=0.00 freq=2
C15,굿즈명,,수기,0.00,보류,unmatched score=0.00 freq=1
C18,굿즈명,,수기,0.00,보류,unmatched score=0.00 freq=1
C188,굿즈명,,수기,0.00,보류,unmatched score=0.00 freq=1
C293,굿즈명,,수기,0.00,보류,unmatched score=0.00 freq=1
C34,굿즈명,,수기,0.00,보류,unmatched score=0.00 freq=1
C38,굿즈명,,수기,0.00,보류,unmatched score=0.00 freq=1
C39,굿즈명,,수기,0.00,보류,unmatched score=0.00 freq=1
C4,굿즈명,,수기,0.00,보류,unmatched score=0.00 freq=1
C43,굿즈명,,수기,0.00,보류,unmatched score=0.00 freq=1
C5,굿즈명,,수기,0.00,보류,unmatched score=0.00 freq=1
C56,굿즈명,,수기,0.00,보류,unmatched score=0.00 freq=1
C81,굿즈명,,수기,0.00,보류,unmatched score=0.00 freq=1
C83,굿즈명,,수기,0.00,보류,unmatched score=0.00 freq=1
C89,굿즈명,,수기,0.00,보류,unmatched score=0.00 freq=1
C96,굿즈명,,수기,0.00,보류,unmatched score=0.00 freq=1
C98,굿즈명,,수기,0.00,보류,unmatched score=0.00 freq=1
Connection,굿즈명,,수기,0.00,보류,unmatched score=0.00 freq=2
Connection (캠핑폴딩박스)키트,굿즈명,,수기,0.00,보류,unmatched score=0.00 freq=1
Creativity,굿즈명,,수기,0.00,보류,unmatched score=0.00 freq=4
Creativity(브랜디드노트북백) 키트,굿즈명,,수기,0.00,보류,unmatched score=0.00 freq=1
C급으로 분류된,굿즈명,,수기,0.00,보류,unmatched score=0.00 freq=1
C타입 -,굿즈명,,수기,0.00,보류,unmatched score=0.00 freq=1
C타입)키트,굿즈명,,수기,0.00,보류,unmatched score=0.00 freq=1
DX본부(즐겨봐박스 3+PLAY짐색7),굿즈명,,수기,0.00,보류,unmatched score=0.00 freq=1
ECO 페이퍼키트 -,굿즈명,,수기,0.00,보류,unmatched score=0.00 freq=1
Eco 페이퍼키트,굿즈명,,수기,0.00,보류,unmatched score=0.00 freq=1
Eco페이퍼 박스 키트 100개+여유수량,굿즈명,,수기,0.00,보류,unmatched score=0.00 freq=1
Eco페이퍼키트,굿즈명,,수기,0.00,보류,unmatched score=0.00 freq=1
Environment(캠핑쿨러)키트,굿즈명,,수기,0.00,보류,unmatched score=0.00 freq=1
Environment),굿즈명,,수기,0.00,보류,unmatched score=0.00 freq=1
Growth,굿즈명,,수기,0.00,보류,unmatched score=0.00 freq=11
Growth 키트,굿즈명,,수기,0.00,보류,unmatched score=0.00 freq=2
Growth(테일러드박스)키트,굿즈명,,수기,0.00,보류,unmatched score=0.00 freq=1
Growth),굿즈명,,수기,0.00,보류,unmatched score=0.00 freq=1
Growth키트,굿즈명,,수기,0.00,보류,unmatched score=0.00 freq=3
G형 키트,굿즈명,,수기,0.50,보류,jaccard score=0.50 freq=4
G형 키트 -,굿즈명,,수기,0.50,보류,jaccard score=0.50 freq=1
G형박스,굿즈명,,수기,0.00,보류,unmatched score=0.00 freq=1
G형박스 -,굿즈명,,수기,0.00,보류,unmatched score=0.00 freq=1
G형박스 키트 2XL 수량:,굿즈명,,수기,0.00,보류,unmatched score=0.00 freq=1
G형박스 키트 3XL 수량:,굿즈명,,수기,0.00,보류,unmatched score=0.00 freq=1
G형박스 키트 L 수량:,굿즈명,,수기,0.00,보류,unmatched score=0.00 freq=1
G형박스 키트 M 수량:,굿즈명,,수기,0.00,보류,unmatched score=0.00 freq=1
G형박스 키트 XL 수량:,굿즈명,,수기,0.00,보류,unmatched score=0.00 freq=1
G형박스띠지100,굿즈명,,수기,0.00,보류,unmatched score=0.00 freq=1
G형박스샘플1,굿즈명,,수기,0.00,보류,unmatched score=0.00 freq=1
G형박스스티커100,굿즈명,,수기,0.00,보류,unmatched score=0.00 freq=1
G형키트 + 굿이너프비치타월,굿즈명,,수기,0.00,보류,unmatched score=0.00 freq=1
G형키트 + 굿이너프비치타월 + 스티커,굿즈명,,수기,0.00,보류,unmatched score=0.00 freq=1
G형키트 재임가공,굿즈명,,수기,0.00,보류,unmatched score=0.00 freq=1
HighLight 슬라이드 지퍼백  키트,굿즈명,SLZB,유사,0.40,보류,jaccard score=0.40 freq=1
HighLight 슬라이드 지퍼백 키트,굿즈명,SLZB,유사,0.40,보류,jaccard score=0.40 freq=5
JETSTREAM,굿즈명,,수기,0.00,보류,unmatched score=0.00 freq=4
KIT,굿즈명,,수기,0.00,보류,unmatched score=0.00 freq=1
KeepSafe안전봉투키트,굿즈명,,수기,0.00,보류,unmatched score=0.00 freq=1
L,굿즈명,,수기,0.00,보류,unmatched score=0.00 freq=18
L -,굿즈명,,수기,0.00,보류,unmatched score=0.00 freq=4
L : 7장,굿즈명,,수기,0.00,보류,unmatched score=0.00 freq=1
L 사이즈,굿즈명,,수기,0.00,보류,unmatched score=0.00 freq=13
L(62),굿즈명,,수기,0.00,보류,unmatched score=0.00 freq=1
L),굿즈명,,수기,0.00,보류,unmatched score=0.00 freq=3
L20,굿즈명,,수기,0.00,보류,unmatched score=0.00 freq=1
LL,굿즈명,,수기,0.00,보류,unmatched score=0.00 freq=7
LL -,굿즈명,,수기,0.00,보류,unmatched score=0.00 freq=3
LL 사이즈,굿즈명,,수기,0.00,보류,unmatched score=0.00 freq=1
LL사이즈,굿즈명,,수기,0.00,보류,unmatched score=0.00 freq=1
LS샘플링 진행(Motion스탠다드박스(Tower)키트1,굿즈명,,수기,0.00,보류,unmatched score=0.00 freq=1
LUMENA,굿즈명,,수기,0.00,보류,unmatched score=0.00 freq=11
Large) 재임가공,굿즈명,,수기,0.00,보류,unmatched score=0.00 freq=1
Large) 키트,굿즈명,,수기,0.00,보류,unmatched score=0.00 freq=2
L사이즈,굿즈명,,수기,0.00,보류,unmatched score=0.00 freq=4
M,굿즈명,,수기,0.00,보류,unmatched score=0.00 freq=9
M -,굿즈명,,수기,0.00,보류,unmatched score=0.00 freq=3
M : 3장,굿즈명,,수기,0.00,보류,unmatched score=0.00 freq=1
M 사이즈,굿즈명,,수기,0.00,보류,unmatched score=0.00 freq=9
M(50),굿즈명,,수기,0.00,보류,unmatched score=0.00 freq=1
M),굿즈명,,수기,0.00,보류,unmatched score=0.00 freq=2
M10,굿즈명,,수기,0.00,보류,unmatched score=0.00 freq=1
M14,굿즈명,,수기,0.00,보류,unmatched score=0.00 freq=1
MM00072554,굿즈명,,수기,0.00,보류,unmatched score=0.00 freq=1
Motion 스탠다드박스 키트,굿즈명,,수기,0.00,보류,unmatched score=0.00 freq=3
Motion 스탠다드박스샘플,굿즈명,,수기,0.00,보류,unmatched score=0.00 freq=1
Motion스탠다드박스 샘플,굿즈명,,수기,0.00,보류,unmatched score=0.00 freq=1
Motion스탠다드박스(Small) 키트,굿즈명,,수기,0.00,보류,unmatched score=0.00 freq=4
Motion스탠다드박스(Small)키트,굿즈명,,수기,0.00,보류,unmatched score=0.00 freq=1
Motion스탠다드박스(Small)키트(시즌권카드없음),굿즈명,,수기,0.00,보류,unmatched score=0.00 freq=1
Motion스탠다드박스(Towe)키트,굿즈명,,수기,0.00,보류,unmatched score=0.00 freq=1
Motion스탠다드박스(Tower),굿즈명,,수기,0.00,보류,unmatched score=0.00 freq=8
Motion스탠다드박스(Tower) 충전기O,굿즈명,,수기,0.00,보류,unmatched score=0.00 freq=1
Motion스탠다드박스(Tower) 충전기X,굿즈명,,수기,0.00,보류,unmatched score=0.00 freq=1
Motion스탠다드박스(Tower) 키트,굿즈명,,수기,0.00,보류,unmatched score=0.00 freq=11
Motion스탠다드박스(Tower)키트,굿즈명,,수기,0.00,보류,unmatched score=0.00 freq=4
Motion스탠다드박스(Tower)키트(텀블러),굿즈명,,수기,0.00,보류,unmatched score=0.00 freq=1
Motion스탠다드박스(WIde),굿즈명,,수기,0.00,보류,unmatched score=0.00 freq=1
Motion스탠다드박스(WIde)키트,굿즈명,,수기,0.00,보류,unmatched score=0.00 freq=1
M사이즈,굿즈명,,수기,0.00,보류,unmatched score=0.00 freq=2
NoStress,굿즈명,,수기,0.00,보류,unmatched score=0.00 freq=7
OPP,굿즈명,,수기,0.00,보류,unmatched score=0.00 freq=7
OPP (40*170),굿즈명,,수기,0.00,보류,unmatched score=0.00 freq=1
OPP100,굿즈명,,수기,0.00,보류,unmatched score=0.00 freq=1
OPP210,굿즈명,,수기,0.00,보류,unmatched score=0.00 freq=1
OPP300,굿즈명,,수기,0.00,보류,unmatched score=0.00 freq=1
OPP_000-1,굿즈명,,수기,0.00,보류,unmatched score=0.00 freq=1
Open 페이퍼키트,굿즈명,,수기,0.00,보류,unmatched score=0.00 freq=1
Open페이퍼박스(그레이 다이어리 ),굿즈명,SGNG,유사,0.40,보류,jaccard score=0.40 freq=1
Open페이퍼박스(블랙 다이어리 ),굿즈명,OPPR,유사,0.40,보류,jaccard score=0.40 freq=1
PLAY짐색12),굿즈명,,수기,0.00,보류,unmatched score=0.00 freq=1
PLAY짐색14),굿즈명,,수기,0.00,보류,unmatched score=0.00 freq=2
PLAY짐색16),굿즈명,,수기,0.00,보류,unmatched score=0.00 freq=1
PLAY짐색18),굿즈명,,수기,0.00,보류,unmatched score=0.00 freq=1
PLAY짐색27),굿즈명,,수기,0.00,보류,unmatched score=0.00 freq=1
PLAY짐색49),굿즈명,,수기,0.00,보류,unmatched score=0.00 freq=1
PLAY짐색64),굿즈명,,수기,0.00,보류,unmatched score=0.00 freq=1
PLAY짐색73),굿즈명,,수기,0.00,보류,unmatched score=0.00 freq=1
PLAY짐색79),굿즈명,,수기,0.00,보류,unmatched score=0.00 freq=1
PNA12683-GS칼텍스 쇼핑백,굿즈명,,수기,0.00,보류,unmatched score=0.00 freq=1
PNA12683-GS칼텍스 키트,굿즈명,,수기,0.00,보류,unmatched score=0.00 freq=1
PNA15758-크레비스(웰컴키트),굿즈명,,수기,0.00,보류,unmatched score=0.00 freq=1
PNA17216-위대한상상(요기요) 펠트파우치,굿즈명,,수기,0.00,보류,unmatched score=0.00 freq=1
PNA17692-CBRE코리아 B형 키트,굿즈명,,수기,0.00,보류,unmatched score=0.00 freq=1
PNA17692-CBRE코리아 C형 키트,굿즈명,,수기,0.00,보류,unmatched score=0.00 freq=1
PNA18603-기아 : Connection 키트,굿즈명,,수기,0.00,보류,unmatched score=0.00 freq=1
PNA18603-기아 : Creativity 키트,굿즈명,,수기,0.00,보류,unmatched score=0.00 freq=1
PNA18603-기아 : Environment 키트,굿즈명,,수기,0.00,보류,unmatched score=0.00 freq=1
PNA18603-기아 : Growth 키트,굿즈명,,수기,0.00,보류,unmatched score=0.00 freq=1
PNA18603-기아_외박스_Connection_Environment,굿즈명,,수기,0.00,보류,unmatched score=0.00 freq=1
PNA20202-신세계아이앤씨 추가 이동건,굿즈명,,수기,0.00,보류,unmatched score=0.00 freq=1
PNA20374-한경,굿즈명,,수기,0.00,보류,unmatched score=0.00 freq=1
PNA20880-(주)엠스톰 하이킹폴딩방석 -,굿즈명,,수기,0.00,보류,unmatched score=0.00 freq=1
PNA20880-(주)엠스톰 하이킹폴딩방석 입하건,굿즈명,,수기,0.00,보류,unmatched score=0.00 freq=2
PNA21013-교원그룹 사용건,굿즈명,,수기,0.00,보류,unmatched score=0.00 freq=1
PNA21508-경상남도탄소중립지원센터,굿즈명,,수기,0.00,보류,unmatched score=0.00 freq=1
PNA22794-두산아트센터,굿즈명,,수기,0.00,보류,unmatched score=0.00 freq=1
PNA22835-한화생명 - 리프레쉬고체치약 -,굿즈명,,수기,0.00,보류,unmatched score=0.00 freq=1
PNA23093-한국생명존중희망재단 눈마사지기 -,굿즈명,,수기,0.00,보류,unmatched score=0.00 freq=1
PNA23505-삼성디스플레이 양우산 케이스 나머지,굿즈명,,수기,0.00,보류,unmatched score=0.00 freq=1
PNA23711-기아(Growth키트) : 테일러드박스,굿즈명,,수기,0.00,보류,unmatched score=0.00 freq=1
PNA23807-기아,굿즈명,,수기,0.00,보류,unmatched score=0.00 freq=1
PNA23939_Solid커스텀G형박스(커스텀사이즈),굿즈명,,수기,0.00,보류,unmatched score=0.00 freq=2
PNA23939_밸류메모큐브(S),굿즈명,,수기,0.00,보류,unmatched score=0.00 freq=2
PNA23939_슈가케인펜,굿즈명,,수기,0.00,보류,unmatched score=0.00 freq=1
PNA23939_스탠드-업칫솔,굿즈명,,수기,0.00,보류,unmatched score=0.00 freq=3
PNA23939_어태치보조배터리,굿즈명,,수기,0.00,보류,unmatched score=0.00 freq=2
PNA23959-스마트스터디벤처스건으로 입고된 그립잇+배경지+OPP,굿즈명,,수기,0.00,보류,unmatched score=0.00 freq=1
PNA24255-SMC&C,굿즈명,,수기,0.00,보류,unmatched score=0.00 freq=1
PNA24893-LVMH,굿즈명,,수기,0.00,보류,unmatched score=0.00 freq=1
PNA25084-쌤소나이트코리아,굿즈명,,수기,0.00,보류,unmatched score=0.00 freq=1
PNA26006_액티브스포츠타월,굿즈명,,수기,0.00,보류,unmatched score=0.00 freq=2
PNA26124-이천문화재단건으로 입하된 클래시오일 향당 202개씩 총,굿즈명,,수기,0.00,보류,unmatched score=0.00 freq=1
PNA26339-(주)피닉스다트 추가요청분,굿즈명,,수기,0.00,보류,unmatched score=0.00 freq=1
PNA26672-코드잇건으로 잘못 입하된 매트블랙텀블러,굿즈명,,수기,0.00,보류,unmatched score=0.00 freq=1
PNA26737-메가존클라우드건,굿즈명,,수기,0.00,보류,unmatched score=0.00 freq=1
PNA27010-스페이스보헤미안건 c,굿즈명,,수기,0.00,보류,unmatched score=0.00 freq=1
PNA27136-앤샵(PXG) 교정지 샘플,굿즈명,,수기,0.00,보류,unmatched score=0.00 freq=1
PNA27331-삼양식품 추가분,굿즈명,,수기,0.00,보류,unmatched score=0.00 freq=1
PNA27413-포천시자살예방센터건으로 입하된 피규어 전량,굿즈명,,수기,0.00,보류,unmatched score=0.00 freq=1
PNA27421-(주)싸이웰시스템건으로 입하된 쿨러백 오염불량,굿즈명,,수기,0.00,보류,unmatched score=0.00 freq=1
PNA27472-유니원커뮤니케이션즈(삼성기술전),굿즈명,,수기,0.00,보류,unmatched score=0.00 freq=1
PNA27566-현대케피코건으로 입하된 미니멀스텐머그,굿즈명,,수기,0.00,보류,unmatched score=0.00 freq=1
PNA27664-이케아코리아,굿즈명,,수기,0.00,보류,unmatched score=0.00 freq=1
PNA27670-헤이딜러,굿즈명,,수기,0.00,보류,unmatched score=0.00 freq=1
PNA27684-삼성전자건으로 불량발생한 미니멀스텐머그,굿즈명,,수기,0.00,보류,unmatched score=0.00 freq=1
PNA27730-aT센터건으로 입하된 무지스펙트럼펜,굿즈명,,수기,0.00,보류,unmatched score=0.00 freq=1
PNA27922-구도마켓 충전기,굿즈명,,수기,0.00,보류,unmatched score=0.00 freq=1
PNA27924-삼양식품건으로 입하된 브링유어컵 전량,굿즈명,,수기,0.00,보류,unmatched score=0.00 freq=1
PNA28406-케이씨텍 다이어리,굿즈명,,수기,0.00,보류,unmatched score=0.00 freq=1
PNA28446-윌비커뮤니케이션으로 잘못입하된 피규어스탠드,굿즈명,,수기,0.00,보류,unmatched score=0.00 freq=1
PNA28723-엑스포럼_보조배터리 부속품,굿즈명,,수기,0.00,보류,unmatched score=0.00 freq=1
PNA28781-코오롱모터스_헤링본끈 브랜드택 이동,굿즈명,,수기,0.00,보류,unmatched score=0.00 freq=1
PNA28917-희림건축,굿즈명,,수기,0.00,보류,unmatched score=0.00 freq=1
PNA29007-기아(Creativity)_외박스,굿즈명,,수기,0.00,보류,unmatched score=0.00 freq=2
PNA29009-기아(Growth),굿즈명,,수기,0.00,보류,unmatched score=0.00 freq=2
PNA29151-비올,굿즈명,,수기,0.00,보류,unmatched score=0.00 freq=1
PNA29536(주)GN(애브비) 모바일오피스 파우치,굿즈명,,수기,0.00,보류,unmatched score=0.00 freq=1
PNA30041-AJ네트웍스 샘플,굿즈명,,수기,0.00,보류,unmatched score=0.00 freq=1
PNA30082-이케아코리아(추가제작),굿즈명,,수기,0.00,보류,unmatched score=0.00 freq=1
PNA30331-팀스파르타,굿즈명,,수기,0.00,보류,unmatched score=0.00 freq=2
PNA30445-경상북도정신건강증진센터,굿즈명,,수기,0.00,보류,unmatched score=0.00 freq=1
PNA30757-인천국제공항공사 -,굿즈명,,수기,0.00,보류,unmatched score=0.00 freq=1
PNA30809-네이버클라우드,굿즈명,,수기,0.00,보류,unmatched score=0.00 freq=1
PNA30850-하이센스바이오,굿즈명,,수기,0.00,보류,unmatched score=0.00 freq=1
PNA31390-태영디에스 미니멀스텐머그 인쇄불량 건 반송 -,굿즈명,,수기,0.00,보류,unmatched score=0.00 freq=1
PNA31531-NHR(삼성전자메모리사업부) 리턴,굿즈명,,수기,0.00,보류,unmatched score=0.00 freq=1
PNA32093-삼성SDS,굿즈명,,수기,0.00,보류,unmatched score=0.00 freq=1
PNA32108-파트원커뮤니케이션(현대모비스),굿즈명,,수기,0.00,보류,unmatched score=0.00 freq=1
PNA32550-삼성전기,굿즈명,,수기,0.00,보류,unmatched score=0.00 freq=1
PNA32737-스페셜라이즈드코리아,굿즈명,,수기,0.00,보류,unmatched score=0.00 freq=1
PNA33338-스튜디오옙,굿즈명,,수기,0.00,보류,unmatched score=0.00 freq=1
PNA33338_미니멀스텐머그,굿즈명,,수기,0.00,보류,unmatched score=0.00 freq=1
PNA34129_비스포크,굿즈명,,수기,0.00,보류,unmatched score=0.00 freq=1
PNA34201_미스트워터보틀,굿즈명,,수기,0.00,보류,unmatched score=0.00 freq=1
PNA34443_클래시차량용방향제,굿즈명,,수기,0.00,보류,unmatched score=0.00 freq=1
PNA36625-무신사,굿즈명,,수기,0.00,보류,unmatched score=0.00 freq=1
PNA37856_아이콘펜,굿즈명,,수기,0.00,보류,unmatched score=0.00 freq=1
PNA38156-덱스터크레마 블리스터,굿즈명,,수기,0.00,보류,unmatched score=0.00 freq=1
PNA38213-포스코인터내셔널 - 양면테이프,굿즈명,,수기,0.00,보류,unmatched score=0.00 freq=1
PNA38287-노르마 웜업후드집업 네이비 XL,굿즈명,,수기,0.00,보류,unmatched score=0.00 freq=1
PNA38579-유니세프한국위원회,굿즈명,,수기,0.00,보류,unmatched score=0.00 freq=1
PNA38640-삼성전기,굿즈명,,수기,0.00,보류,unmatched score=0.00 freq=1
PNA50413-이안컴퍼니 로고스트랩파우치 -,굿즈명,,수기,0.00,보류,unmatched score=0.00 freq=1
PNA50493-로레알코리아 에코백,굿즈명,,수기,0.00,보류,unmatched score=0.00 freq=1
PNA50562-NHR(현대모비스),굿즈명,,수기,0.00,보류,unmatched score=0.00 freq=2
PNA50738-중앙일보 프로젝트건,굿즈명,,수기,0.00,보류,unmatched score=0.00 freq=1
PNA51037-넥스트젠엠앤씨_추가 이동,굿즈명,,수기,0.00,보류,unmatched score=0.00 freq=1
PNA51037-넥스트젠엠앤씨_추가이동,굿즈명,,수기,0.00,보류,unmatched score=0.00 freq=1
PNA51482_포켓 마켓백,굿즈명,,수기,0.00,보류,unmatched score=0.00 freq=1
PNA52862-애드이피션시 무광파우치,굿즈명,,수기,0.00,보류,unmatched score=0.00 freq=1
PT0388 -,굿즈명,,수기,0.00,보류,unmatched score=0.00 freq=1
PT0388-단품박스(스탠다드)_화이트_000-15,굿즈명,,수기,0.00,보류,unmatched score=0.00 freq=2
PT0400-바스켓_리드_그레이 -,굿즈명,,수기,0.00,보류,unmatched score=0.00 freq=1
PT0402-지지대-,굿즈명,,수기,0.00,보류,unmatched score=0.00 freq=2
PT0404-바스켓_바디_오트밀,굿즈명,,수기,0.00,보류,unmatched score=0.00 freq=2
PT0410-웰컴페이퍼-,굿즈명,,수기,0.00,보류,unmatched score=0.00 freq=2
PT0453 -,굿즈명,,수기,0.00,보류,unmatched score=0.00 freq=1
PT0453-단품박스(스탠다드)_웜그레이_000-6 -,굿즈명,,수기,0.00,보류,unmatched score=0.00 freq=1
PT0475-페이퍼G형박스(T)_그레이_100-2 -,굿즈명,,수기,0.00,보류,unmatched score=0.00 freq=2
PT0477-페이퍼G형박스(S)_그레이_100-1 -,굿즈명,,수기,0.00,보류,unmatched score=0.00 freq=1
PT0479-웰컴페이퍼(커스텀인쇄)(펜타공)_화이트+디지털풀컬러_100-14,굿즈명,,수기,0.00,보류,unmatched score=0.00 freq=1
PT0493 -,굿즈명,,수기,0.00,보류,unmatched score=0.00 freq=1
PT0493-단품박스(스탠다드)_웜그레이_000-19 -,굿즈명,,수기,0.00,보류,unmatched score=0.00 freq=1
PT0501-미르텀블러_화이트,굿즈명,,수기,0.00,보류,unmatched score=0.00 freq=1
PT0518-굿즈박스(스탠다드)_블랙_000-1 -,굿즈명,,수기,0.00,보류,unmatched score=0.00 freq=1
PT0521-종이패드(스탠다드)_화이트_300-1,굿즈명,,수기,0.00,보류,unmatched score=0.00 freq=1
PT0532-오픈박스 -,굿즈명,,수기,0.00,보류,unmatched score=0.00 freq=1
PT0534-무광스트링파우치 -,굿즈명,,수기,0.00,보류,unmatched score=0.00 freq=2
PT0534-무광스트링파우치(M)_블랙_200-1,굿즈명,,수기,0.00,보류,unmatched score=0.00 freq=1
PT0534-무광스트링파우치(커스텀인쇄)(M)_블랙_200-1,굿즈명,,수기,0.00,보류,unmatched score=0.00 freq=3
PT0536-무광스트링파우치,굿즈명,,수기,0.00,보류,unmatched score=0.00 freq=1
PT0536-무광스트링파우치 -,굿즈명,,수기,0.00,보류,unmatched score=0.00 freq=2
PT0536-무광스트링파우치(M)_200-1 -,굿즈명,,수기,0.00,보류,unmatched score=0.00 freq=1
PT0536-무광스트링파우치(커스텀인쇄)(M)_반투명_200-1,굿즈명,,수기,0.00,보류,unmatched score=0.00 freq=10
PT0536-무광스트링파우치(커스텀인쇄)(M)_반투명_200-1 -,굿즈명,,수기,0.00,보류,unmatched score=0.00 freq=1
PT0536-무광스트링파우치(커스텀인쇄)_반투명_200-1,굿즈명,,수기,0.00,보류,unmatched score=0.00 freq=1
PT0543-골지트레이박스_블랙_200-1,굿즈명,,수기,0.00,보류,unmatched score=0.00 freq=1
PT0543-골지트레이박스_블랙_200-1 -,굿즈명,,수기,0.00,보류,unmatched score=0.00 freq=1
PT0546-웰컴페이퍼-,굿즈명,,수기,0.00,보류,unmatched score=0.00 freq=1
PT0547-웰컴페이퍼 -,굿즈명,,수기,0.00,보류,unmatched score=0.00 freq=1
PT0548-텀블러류지지박스_화이트_000-1,굿즈명,,수기,0.00,보류,unmatched score=0.00 freq=2
PT0549-텀블러류지지박스,굿즈명,,수기,0.00,보류,unmatched score=0.00 freq=1
PT0555-노트류지지대(전용)_화이트_100-2,굿즈명,,수기,0.00,보류,unmatched score=0.00 freq=2
PT0562-코튼스트링파우치(커스텀인쇄)(L)_광목_200-1 -,굿즈명,,수기,0.00,보류,unmatched score=0.00 freq=1
PT0563-코튼스트링파우치(XL)_200-2,굿즈명,,수기,0.00,보류,unmatched score=0.00 freq=1
PT0563-코튼스트링파우치(커스텀인쇄)(XL)_광목_200-2,굿즈명,,수기,0.00,보류,unmatched score=0.00 freq=3
PT0572-머그류지지박스(전용)_블랙_000-3,굿즈명,,수기,0.00,보류,unmatched score=0.00 freq=1
PT0579-슬라이드지퍼백(커스텀인쇄)(Large)_반투명_200-1,굿즈명,,수기,0.00,보류,unmatched score=0.00 freq=1
PT0580-슬라이드지퍼백,굿즈명,,수기,0.00,보류,unmatched score=0.00 freq=1
PT0580-슬라이드지퍼백(커스텀인쇄)(Medium)_반투명_100-3,굿즈명,,수기,0.00,보류,unmatched score=0.00 freq=1
PT0588 -,굿즈명,,수기,0.00,보류,unmatched score=0.00 freq=1
PT0588-단품박스,굿즈명,,수기,0.00,보류,unmatched score=0.00 freq=2
PT0588-단품박스(스탠다드)_웜그레이,굿즈명,,수기,0.00,보류,unmatched score=0.00 freq=2
PT0588-단품박스(스탠다드)_웜그레이_000-5,굿즈명,,수기,0.00,보류,unmatched score=0.00 freq=7
PT0588-단품박스(스탠다드)_웜그레이_000-5 -,굿즈명,,수기,0.00,보류,unmatched score=0.00 freq=6
PT0594-웰컴페이퍼,굿즈명,,수기,0.00,보류,unmatched score=0.00 freq=1
PT0600-웰컴페이퍼,굿즈명,,수기,0.00,보류,unmatched score=0.00 freq=2
PT0601-골지G형박스(M)_그레이_200-1,굿즈명,,수기,0.00,보류,unmatched score=0.00 freq=1
PT0601-골지G형박스(M)_그레이_200-1 -,굿즈명,,수기,0.00,보류,unmatched score=0.00 freq=1
PT0602-골지G형박스(S)_그레이_100-1,굿즈명,,수기,0.00,보류,unmatched score=0.00 freq=1
PT0602-골지G형박스(S)_그레이_100-1 -,굿즈명,,수기,0.00,보류,unmatched score=0.00 freq=2
PT0652-고객입고물품 박스테이프,굿즈명,,수기,0.00,보류,unmatched score=0.00 freq=1
PT0652-고객입고물품 상온8호박스,굿즈명,,수기,0.00,보류,unmatched score=0.00 freq=1
PT0652-고객입고물품 지아미벌집완충재,굿즈명,,수기,0.00,보류,unmatched score=0.00 freq=1
PT0667-OPP_100-6,굿즈명,,수기,0.00,보류,unmatched score=0.00 freq=1
PT0732-노트북스탠드패드_패드_라이트그레이,굿즈명,,수기,0.00,보류,unmatched score=0.00 freq=1
PT0736-에코페이퍼봉투(스탠다드)_웜그레이_300-1,굿즈명,,수기,0.00,보류,unmatched score=0.00 freq=1
PT0761-골지단품박스_그레이_100-4,굿즈명,,수기,0.00,보류,unmatched score=0.00 freq=1
PT0761-골지단품박스_그레이_100-4 -,굿즈명,,수기,0.00,보류,unmatched score=0.00 freq=3
PT0858-사각스티커 -,굿즈명,,수기,0.00,보류,unmatched score=0.00 freq=1
PT0859-리유저블캘린더_밴드_그레이 -,굿즈명,,수기,0.00,보류,unmatched score=0.00 freq=1
PT0873-양면젤테이프(원형),굿즈명,,수기,0.00,보류,unmatched score=0.00 freq=2
PT0873-양면젤테이프(원형)_투명_000-1 -,굿즈명,,수기,0.00,보류,unmatched score=0.00 freq=1
PT0874-단품박스(전용)_블랙_000-7,굿즈명,,수기,0.00,보류,unmatched score=0.00 freq=1
PT0880-사각스티커,굿즈명,,수기,0.00,보류,unmatched score=0.00 freq=1
PT0889-모바일오피스파우치_블랙,굿즈명,,수기,0.00,보류,unmatched score=0.00 freq=1
PT0889-모바일오피스파우치_블랙 -,굿즈명,,수기,0.00,보류,unmatched score=0.00 freq=3
PT0890-웰컴페이퍼 -,굿즈명,,수기,0.00,보류,unmatched score=0.00 freq=1
PT0892-사각스티커 -,굿즈명,,수기,0.00,보류,unmatched score=0.00 freq=1
PT0899-단품박스,굿즈명,,수기,0.00,보류,unmatched score=0.00 freq=1
PT0899-단품박스 -,굿즈명,,수기,0.00,보류,unmatched score=0.00 freq=1
PT0944-단품박스(스탠다드)_웜그레이_000-25,굿즈명,,수기,0.00,보류,unmatched score=0.00 freq=5
PT0944-단품박스(스탠다드)_웜그레이_000-25 -,굿즈명,,수기,0.00,보류,unmatched score=0.00 freq=2
PT0945-단품박스(스탠다드)_웜그레이_000-26,굿즈명,,수기,0.00,보류,unmatched score=0.00 freq=1
PT0947-씬페이퍼봉투_화이트_100-4,굿즈명,,수기,0.00,보류,unmatched score=0.00 freq=1
PT0948-씬페이퍼봉투_화이트_100-2,굿즈명,,수기,0.00,보류,unmatched score=0.00 freq=1
PT0950-텀블러류지지대(스탠다드)_블랙_000-2,굿즈명,,수기,0.00,보류,unmatched score=0.00 freq=1
PT0982-슬리브(커스텀인쇄)(XS)_화이트+디지털풀컬러_000-9,굿즈명,,수기,0.00,보류,unmatched score=0.00 freq=1
PT0989-펠트봉투_화이트 -,굿즈명,,수기,0.00,보류,unmatched score=0.00 freq=1
PT0993-사각스티커 (버티컬무선충전패드) -,굿즈명,,수기,0.00,보류,unmatched score=0.00 freq=1
PT0996 -,굿즈명,,수기,0.00,보류,unmatched score=0.00 freq=1
PT0996-단품박스(스탠다드)_웜그레이_000-8 -,굿즈명,,수기,0.00,보류,unmatched score=0.00 freq=2
PT1017-펠트봉투 -,굿즈명,,수기,0.00,보류,unmatched score=0.00 freq=1
PT1017-펠트봉투(커스텀인쇄)_화이트_000-1,굿즈명,,수기,0.00,보류,unmatched score=0.00 freq=3
PT1017-펠트봉투(커스텀인쇄)_화이트_000-1 -,굿즈명,,수기,0.00,보류,unmatched score=0.00 freq=1
PT1030-브랜드잇_내지(무지),굿즈명,,수기,0.00,보류,unmatched score=0.00 freq=1
PT1032-OPP_000-1,굿즈명,,수기,0.00,보류,unmatched score=0.00 freq=1
PT1032-OPP_000-1 -,굿즈명,,수기,0.00,보류,unmatched score=0.00 freq=2
PT1046 -,굿즈명,,수기,0.00,보류,unmatched score=0.00 freq=1
PT1046-펠트스트링파우치_화이트_100-2,굿즈명,,수기,0.00,보류,unmatched score=0.00 freq=3
PT1046-펠트스트링파우치_화이트_100-2 -,굿즈명,,수기,0.00,보류,unmatched score=0.00 freq=6
PT1073-펠트스트링파우치 -,굿즈명,,수기,0.00,보류,unmatched score=0.00 freq=1
PT1073-펠트스트링파우치(커스텀인쇄)_그레이_300-1,굿즈명,,수기,0.00,보류,unmatched score=0.00 freq=3
PT1073-펠트스트링파우치(커스텀인쇄)_그레이_300-1 -,굿즈명,,수기,0.00,보류,unmatched score=0.00 freq=1
PT1073-펠트스트링파우치_300-1 -,굿즈명,,수기,0.00,보류,unmatched score=0.00 freq=1
PT1075-브랜딩택 -,굿즈명,,수기,0.00,보류,unmatched score=0.00 freq=1
PT1093-유광덮개파우치_투명_000-3,굿즈명,,수기,0.00,보류,unmatched score=0.00 freq=1
PT1109-쇼핑백(S)_화이트_200-1,굿즈명,,수기,0.00,보류,unmatched score=0.00 freq=1
PT1111-쇼핑백(M)_화이트_200-2,굿즈명,,수기,0.00,보류,unmatched score=0.00 freq=1
PT1116-슈가케인펜_그린,굿즈명,,수기,0.00,보류,unmatched score=0.00 freq=2
PT1117-슈가케인펜_웜그레이,굿즈명,,수기,0.00,보류,unmatched score=0.00 freq=1
PT1125-슈가케인펜_화이트,굿즈명,,수기,0.00,보류,unmatched score=0.00 freq=1
PT1136-스탠드업칫솔 -,굿즈명,,수기,0.00,보류,unmatched score=0.00 freq=1
PT1136-스탠드업칫솔_화이트,굿즈명,,수기,0.00,보류,unmatched score=0.00 freq=14
PT1136-스탠드업칫솔_화이트 -,굿즈명,,수기,0.00,보류,unmatched score=0.00 freq=6
PT1139-슬라이드지퍼백 -,굿즈명,,수기,0.00,보류,unmatched score=0.00 freq=2
PT1139-슬라이드지퍼백(커스텀인쇄)_투명_200-2,굿즈명,,수기,0.00,보류,unmatched score=0.00 freq=2
PT1139-슬라이드지퍼백(커스텀인쇄)_투명_200-2 -,굿즈명,,수기,0.00,보류,unmatched score=0.00 freq=1
PT1147-단품박스(스탠다드)_웜그레이_000-4,굿즈명,,수기,0.00,보류,unmatched score=0.00 freq=1
PT1236-슬로건다이어리_그레이,굿즈명,,수기,0.00,보류,unmatched score=0.00 freq=3
PT1239-슬로건다이어리_블랙,굿즈명,,수기,0.00,보류,unmatched score=0.00 freq=1
PT1313-사각스티커 -,굿즈명,,수기,0.00,보류,unmatched score=0.00 freq=1
PT1317-실버팩_100-5,굿즈명,,수기,0.00,보류,unmatched score=0.00 freq=1
PT1317-실버팩_100-5 -,굿즈명,,수기,0.00,보류,unmatched score=0.00 freq=1
PT1318-실버팩_100-1,굿즈명,,수기,0.00,보류,unmatched score=0.00 freq=2
PT1318-실버팩_100-1 -,굿즈명,,수기,0.00,보류,unmatched score=0.00 freq=3
PT1319-실버팩_100-3,굿즈명,,수기,0.00,보류,unmatched score=0.00 freq=1
PT1319-실버팩_100-3 -,굿즈명,,수기,0.00,보류,unmatched score=0.00 freq=1
PT1354-주의사항표기서(전용)_화이트_000-3 -,굿즈명,,수기,0.00,보류,unmatched score=0.00 freq=1
PT1414-택끈 -,굿즈명,,수기,0.00,보류,unmatched score=0.00 freq=1
PT1414-택끈_블랙_000-1,굿즈명,,수기,0.00,보류,unmatched score=0.00 freq=2
PT1429-OPP_400-1 -,굿즈명,,수기,0.00,보류,unmatched score=0.00 freq=1
PT1433-오토매틱와인오프너(스탠다드)_다크그레이,굿즈명,,수기,0.00,보류,unmatched score=0.00 freq=1
PT1433-오토매틱와인오프너(스탠다드)_다크그레이 -,굿즈명,,수기,0.00,보류,unmatched score=0.00 freq=2
PT1443-슬라이드지퍼백 -,굿즈명,,수기,0.00,보류,unmatched score=0.00 freq=1
PT1464-올블랙펜_매트블랙,굿즈명,,수기,0.00,보류,unmatched score=0.00 freq=2
PT1464-올블랙펜_매트블랙 -,굿즈명,,수기,0.00,보류,unmatched score=0.00 freq=1
PT1468-배경지 -,굿즈명,,수기,0.00,보류,unmatched score=0.00 freq=1
PT1468-펜배경지-,굿즈명,,수기,0.00,보류,unmatched score=0.00 freq=1
PT1493-오픈박스(스탠다드)(Small)_화이트_100-4,굿즈명,,수기,0.00,보류,unmatched score=0.00 freq=2
PT1541-지지대_화이트_100-2 -,굿즈명,,수기,0.00,보류,unmatched score=0.00 freq=1
PT1547-덮개박스(커스텀인쇄) -,굿즈명,,수기,0.00,보류,unmatched score=0.00 freq=1
PT1569-컬러풀노트패드_블랙,굿즈명,,수기,0.00,보류,unmatched score=0.00 freq=8
PT1569-컬러풀노트패드_블랙 -,굿즈명,,수기,0.00,보류,unmatched score=0.00 freq=1
PT1571-OPP_100-4,굿즈명,,수기,0.00,보류,unmatched score=0.00 freq=1
PT1583-골지단품박스_그레이_100-2 -,굿즈명,,수기,0.00,보류,unmatched score=0.00 freq=3
PT1597-케어풀포켓새니타이저_화이트,굿즈명,,수기,0.00,보류,unmatched score=0.00 freq=1
PT1603-실버팩_100-2 -,굿즈명,,수기,0.00,보류,unmatched score=0.00 freq=1
PT1674-OPP_000-3,굿즈명,,수기,0.00,보류,unmatched score=0.00 freq=3
PT1674-OPP_000-3 -,굿즈명,,수기,0.00,보류,unmatched score=0.00 freq=1
PT1674-OPP_000-3-,굿즈명,,수기,0.00,보류,unmatched score=0.00 freq=1
PT1679-주의사항표기서 -,굿즈명,,수기,0.00,보류,unmatched score=0.00 freq=1
PT1708-주의사항표기서(전용)_화이트_000-6_B,굿즈명,,수기,0.00,보류,unmatched score=0.00 freq=3
PT1709-주의사항표기택(골든뱀부),굿즈명,,수기,0.00,보류,unmatched score=0.00 freq=1
PT1711-주의사항표기택,굿즈명,,수기,0.00,보류,unmatched score=0.00 freq=2
PT1718-샤쉐향(골든뱀부),굿즈명,,수기,0.00,보류,unmatched score=0.00 freq=1
PT1719-미스트페이퍼봉투,굿즈명,,수기,0.00,보류,unmatched score=0.00 freq=2
PT1719-미스트페이퍼봉투_반투명_100-1 -,굿즈명,,수기,0.00,보류,unmatched score=0.00 freq=1
PT1729-펠트스트링파우치 -,굿즈명,,수기,0.00,보류,unmatched score=0.00 freq=1
PT1729-펠트스트링파우치(커스텀인쇄)_그레이_200-1,굿즈명,,수기,0.00,보류,unmatched score=0.00 freq=5
PT1729-펠트스트링파우치_200-1 -,굿즈명,,수기,0.00,보류,unmatched score=0.00 freq=1
PT1729-펠트스트링파우치_그레이_200-1,굿즈명,,수기,0.00,보류,unmatched score=0.00 freq=1
PT1733-무광스트링파우치(커스텀인쇄)_반투명_100-1,굿즈명,,수기,0.00,보류,unmatched score=0.00 freq=1
PT1733-무광스트링파우치(커스텀인쇄)_반투명_100-1 -,굿즈명,,수기,0.00,보류,unmatched score=0.00 freq=1
PT1779-골프공(타이틀리스트프로V1),굿즈명,,수기,0.00,보류,unmatched score=0.00 freq=1
PT1780-쇼핑백_화이트_200-3,굿즈명,,수기,0.00,보류,unmatched score=0.00 freq=1
PT1780-쇼핑백_화이트_200-3 -,굿즈명,,수기,0.00,보류,unmatched score=0.00 freq=1
PT1787-오픈박스(스탠다드)(Small)_블랙_100-4,굿즈명,,수기,0.00,보류,unmatched score=0.00 freq=1
PT1800-샤쉐향,굿즈명,,수기,0.00,보류,unmatched score=0.00 freq=1
PT1802-헤링본끈,굿즈명,,수기,0.00,보류,unmatched score=0.00 freq=1
PT1802-헤링본끈_화이트,굿즈명,,수기,0.00,보류,unmatched score=0.00 freq=3
PT1821-핑거팬_코튼화이트,굿즈명,,수기,0.00,보류,unmatched score=0.00 freq=2
PT1830-핸디파우더솝,굿즈명,,수기,0.00,보류,unmatched score=0.00 freq=1
PT2078-클리어리유저블컵_리드(스트로우리드)_화이트,굿즈명,,수기,0.00,보류,unmatched score=0.00 freq=1
PT2079-클리어리유저블컵_리드 -,굿즈명,,수기,0.00,보류,unmatched score=0.00 freq=1
PT2089-골지단품박스_그레이_100-5,굿즈명,,수기,0.00,보류,unmatched score=0.00 freq=1
PT2096-핸들택(투웨이에코쇼핑백)_그레이,굿즈명,,수기,0.00,보류,unmatched score=0.00 freq=2
PT2106-단품박스(스탠다드)_웜그레이_000-27,굿즈명,,수기,0.00,보류,unmatched score=0.00 freq=4
PT2115-펠트스트링파우치 -,굿즈명,,수기,0.00,보류,unmatched score=0.00 freq=1
PT2115-펠트스트링파우치(커스텀인쇄)_그레이_300-2,굿즈명,,수기,0.00,보류,unmatched score=0.00 freq=1
PT2115-펠트스트링파우치(커스텀인쇄)_그레이_300-2 -,굿즈명,,수기,0.00,보류,unmatched score=0.00 freq=2
PT2131-골지단품박스(스탠다드)_화이트_100-6,굿즈명,,수기,0.00,보류,unmatched score=0.00 freq=2
PT2131-골지단품박스(스탠다드)_화이트_100-6 -,굿즈명,,수기,0.00,보류,unmatched score=0.00 freq=1
PT2152-비누트레이(천연수세미),굿즈명,,수기,0.00,보류,unmatched score=0.00 freq=1
PT2152-비누트레이(천연수세미) -,굿즈명,,수기,0.00,보류,unmatched score=0.00 freq=1
PT2169 -,굿즈명,,수기,0.00,보류,unmatched score=0.00 freq=1
PT2169-단품박스(스탠다드)_화이트_100-17,굿즈명,,수기,0.00,보류,unmatched score=0.00 freq=1
PT2182-리프레쉬고체치약(페퍼민트.50정),굿즈명,,수기,0.00,보류,unmatched score=0.00 freq=1
PT2187-린넨메쉬스트링파우치 -,굿즈명,,수기,0.00,보류,unmatched score=0.00 freq=1
PT2187-린넨메쉬스트링파우치(스탠다드)(M),굿즈명,,수기,0.00,보류,unmatched score=0.00 freq=6
PT2187-린넨메쉬스트링파우치(스탠다드)(M) -,굿즈명,,수기,0.00,보류,unmatched score=0.00 freq=5
PT2227-펠트스트링파우치_화이트_200-2,굿즈명,,수기,0.00,보류,unmatched score=0.00 freq=1
PT2227-펠트스트링파우치_화이트_200-2 -,굿즈명,,수기,0.00,보류,unmatched score=0.00 freq=1
PT2228-브랜디드노트북백_블랙,굿즈명,,수기,0.00,보류,unmatched score=0.00 freq=1
PT2231-크로스스트랩_블랙,굿즈명,,수기,0.00,보류,unmatched score=0.00 freq=3
PT2231-크로스스트랩_블랙 -,굿즈명,,수기,0.00,보류,unmatched score=0.00 freq=1
PT2234-OPP_300-2 -,굿즈명,,수기,0.00,보류,unmatched score=0.00 freq=1
PT2242-포터블캠핑롤테이블(상판)_블랙 -,굿즈명,,수기,0.00,보류,unmatched score=0.00 freq=1
PT2242-포터블캠핑롤테이블(세트_본품및파우치)_블랙 -,굿즈명,,수기,0.00,보류,unmatched score=0.00 freq=1
PT2243-레더라벨캠핑체어(세트_본품및파우치)_블랙,굿즈명,,수기,0.00,보류,unmatched score=0.00 freq=1
PT2250-아트워크레더다이어리_내지(만년) -,굿즈명,,수기,0.00,보류,unmatched score=0.00 freq=1
PT2268-레더라벨캠핑체어 다리 :,굿즈명,,수기,0.00,보류,unmatched score=0.00 freq=1
PT2268-레더라벨캠핑체어 의자시트 :,굿즈명,,수기,0.00,보류,unmatched score=0.00 freq=1
PT2268-레더라벨캠핑체어 파우치 :,굿즈명,,수기,0.00,보류,unmatched score=0.00 freq=1
PT2268-레더라벨캠핑체어(세트_본품및파우치)_베이지,굿즈명,,수기,0.00,보류,unmatched score=0.00 freq=3
PT2268-레더라벨캠핑체어PT2283-주의사항표기서 :,굿즈명,,수기,0.00,보류,unmatched score=0.00 freq=1
PT2283-주의사항표기서(전용)_화이트_100-3,굿즈명,,수기,0.00,보류,unmatched score=0.00 freq=1
PT2293-주의사항표기서(전용)_화이트_100-2,굿즈명,,수기,0.00,보류,unmatched score=0.00 freq=2
PT2300-택스티커,굿즈명,,수기,0.00,보류,unmatched score=0.00 freq=1
PT2371-버티컬무선충전패드(15W)_화이트,굿즈명,,수기,0.00,보류,unmatched score=0.00 freq=2
PT2375-OPP(전용)_100-17,굿즈명,,수기,0.00,보류,unmatched score=0.00 freq=2
PT2375-OPP(전용)_100-17 -,굿즈명,,수기,0.00,보류,unmatched score=0.00 freq=1
PT2395-AA건전지(파워랜드),굿즈명,,수기,0.00,보류,unmatched score=0.00 freq=1
PT2401-매트블랙텀블러,굿즈명,,수기,0.00,보류,unmatched score=0.00 freq=1
PT2401-매트블랙텀블러 -,굿즈명,,수기,0.00,보류,unmatched score=0.00 freq=1
PT2403-가죽슬리브,굿즈명,,수기,0.00,보류,unmatched score=0.00 freq=1
PT2403-가죽슬리브 -,굿즈명,,수기,0.00,보류,unmatched score=0.00 freq=2
PT2435-톤앤톤쿨러백 -,굿즈명,,수기,0.00,보류,unmatched score=0.00 freq=1
PT2443-사각스티커,굿즈명,,수기,0.00,보류,unmatched score=0.00 freq=2
PT2446-페이퍼G형박스(스탠다드)_화이트,굿즈명,,수기,0.00,보류,unmatched score=0.00 freq=1
PT2472-트리플컬러펜_블랙,굿즈명,,수기,0.00,보류,unmatched score=0.00 freq=7
PT2472-트리플컬러펜_블랙 -,굿즈명,,수기,0.00,보류,unmatched score=0.00 freq=2
PT2473-트리플컬러펜_그레이지,굿즈명,,수기,0.00,보류,unmatched score=0.00 freq=8
PT2473-트리플컬러펜_그레이지 -,굿즈명,,수기,0.00,보류,unmatched score=0.00 freq=2
PT2475-바스켓 그레이 -,굿즈명,,수기,0.00,보류,unmatched score=0.00 freq=1
PT2475-바스켓 오트밀 -,굿즈명,,수기,0.00,보류,unmatched score=0.00 freq=1
PT2476-슬리브 -,굿즈명,,수기,0.00,보류,unmatched score=0.00 freq=1
PT2479-페이퍼G형박스 -,굿즈명,,수기,0.00,보류,unmatched score=0.00 freq=1
PT2481-데코스티커,굿즈명,,수기,0.00,보류,unmatched score=0.00 freq=1
PT2481-데코스티커 -,굿즈명,,수기,0.00,보류,unmatched score=0.00 freq=1
PT2482-Open페이퍼박스 -,굿즈명,,수기,0.00,보류,unmatched score=0.00 freq=1
PT2486-골지G형박스_추상적산출물,굿즈명,,수기,0.00,보류,unmatched score=0.00 freq=1
PT2505-사파리볼펜-,굿즈명,,수기,0.00,보류,unmatched score=0.00 freq=3
PT2507-슬리브_라미사파리펜 -,굿즈명,,수기,0.00,보류,unmatched score=0.00 freq=1
PT2511-레더스킨다이어리 -,굿즈명,,수기,0.00,보류,unmatched score=0.00 freq=1
PT2514-리유저블캘린더 -,굿즈명,,수기,0.00,보류,unmatched score=0.00 freq=1
PT2522-밸류메모큐브_추상적산출물,굿즈명,,수기,0.00,보류,unmatched score=0.00 freq=1
PT2527-브랜드잇_커버 -,굿즈명,,수기,0.00,보류,unmatched score=0.00 freq=1
PT2528-브랜디드노트북백 -,굿즈명,,수기,0.00,보류,unmatched score=0.00 freq=1
PT2529-레더라벨 -,굿즈명,,수기,0.00,보류,unmatched score=0.00 freq=1
PT2534-펠트스트링파우치,굿즈명,,수기,0.00,보류,unmatched score=0.00 freq=1
PT2544-스탠드업칫솔_추상적산출물,굿즈명,,수기,0.00,보류,unmatched score=0.00 freq=1
PT2547-슬리브(슬리브박스) -,굿즈명,,수기,0.00,보류,unmatched score=0.00 freq=1
PT2551-썸네일캘린더-,굿즈명,,수기,0.00,보류,unmatched score=0.00 freq=1
PT2554-애드온뱃지 -,굿즈명,,수기,0.00,보류,unmatched score=0.00 freq=1
PT2572-일러스트손수건 -,굿즈명,,수기,0.00,보류,unmatched score=0.00 freq=1
PT2580-클래시차량용방향제_추상적산출물,굿즈명,,수기,0.00,보류,unmatched score=0.00 freq=1
PT2590-페이퍼샤쉐,굿즈명,,수기,0.00,보류,unmatched score=0.00 freq=2
PT2610-사각스티커(커스텀인쇄)_화이트+디지털풀컬러_000-85,굿즈명,,수기,0.00,보류,unmatched score=0.00 freq=1
PT2671-슬로건다이어리-,굿즈명,,수기,0.00,보류,unmatched score=0.00 freq=1
PT2707-모바일오피스파우치 -,굿즈명,,수기,0.00,보류,unmatched score=0.00 freq=1
PT2741-슈가케인텀블러(360ml)_크림,굿즈명,,수기,0.00,보류,unmatched score=0.00 freq=4
PT2741-슈가케인텀블러(360ml)_크림 -,굿즈명,,수기,0.00,보류,unmatched score=0.00 freq=1
PT2742-슈가케인스트로우_크림,굿즈명,,수기,0.00,보류,unmatched score=0.00 freq=2
PT2742-슈가케인스트로우_크림 -,굿즈명,,수기,0.00,보류,unmatched score=0.00 freq=1
PT2802-아이콘펜(바디)_화이트,굿즈명,,수기,0.00,보류,unmatched score=0.00 freq=11
PT2802-아이콘펜(바디)_화이트 -,굿즈명,,수기,0.00,보류,unmatched score=0.00 freq=9
PT2802-아이콘펜(바디)_화이트 - 459+a개,굿즈명,,수기,0.00,보류,unmatched score=0.00 freq=1
PT2802-아이콘펜(바디)_화이트-,굿즈명,,수기,0.00,보류,unmatched score=0.00 freq=1
PT2811-덮개박스(스탠다드)_블랙 -,굿즈명,,수기,0.00,보류,unmatched score=0.00 freq=3
PT2812-골지트레이박스_블랙 -,굿즈명,,수기,0.00,보류,unmatched score=0.00 freq=1
PT2813-골지트레이박스_화이트 -,굿즈명,,수기,0.00,보류,unmatched score=0.00 freq=1
PT2817-어텐션스포츠보틀,굿즈명,,수기,0.00,보류,unmatched score=0.00 freq=1
PT2817-어텐션스포츠보틀 -,굿즈명,,수기,0.00,보류,unmatched score=0.00 freq=1
PT2821-단품박스(전용)(무충마패.와이드.스플릿.맥스)_화이트 -,굿즈명,,수기,0.00,보류,unmatched score=0.00 freq=1
PT2822-레디고런치박스_본품,굿즈명,,수기,0.00,보류,unmatched score=0.00 freq=1
PT2823-레디고런치박스_투명캡,굿즈명,,수기,0.00,보류,unmatched score=0.00 freq=2
PT2824-단품박스(스탠다드)_웜그레이,굿즈명,,수기,0.00,보류,unmatched score=0.00 freq=8
PT2825-주의사항표기서(전용) 레디고런치박스,굿즈명,,수기,0.00,보류,unmatched score=0.00 freq=1
PT2828-투명손잡이지퍼백,굿즈명,,수기,0.00,보류,unmatched score=0.00 freq=1
PT2828-투명손잡이지퍼백(L),굿즈명,,수기,0.00,보류,unmatched score=0.00 freq=1
PT2829-트레이박스_화이트 -,굿즈명,,수기,0.00,보류,unmatched score=0.00 freq=1
PT2831-주의사항스티커(전용)_화이트+디지털풀컬러,굿즈명,,수기,0.00,보류,unmatched score=0.00 freq=3
PT2836-버튼링_반투명,굿즈명,,수기,0.00,보류,unmatched score=0.00 freq=3
PT2836-버튼링_반투명 -,굿즈명,,수기,0.00,보류,unmatched score=0.00 freq=1
PT2847-OPP 100매,굿즈명,,수기,0.00,보류,unmatched score=0.00 freq=1
PT2848-주의사항표기택 -,굿즈명,,수기,0.00,보류,unmatched score=0.00 freq=1
PT2861-페이퍼링캘린더 -,굿즈명,,수기,0.00,보류,unmatched score=0.00 freq=2
PT2874-사각스티커(커스텀인쇄)_화이트 -,굿즈명,,수기,0.00,보류,unmatched score=0.00 freq=1
PT2918-사각스티커,굿즈명,,수기,0.00,보류,unmatched score=0.00 freq=1
PT2922-슬리브 -,굿즈명,,수기,0.00,보류,unmatched score=0.00 freq=1
PT2932-웰컴페이퍼 -,굿즈명,,수기,0.00,보류,unmatched score=0.00 freq=1
PT2938-하이킹폴딩방석,굿즈명,,수기,0.00,보류,unmatched score=0.00 freq=2
PT2938-하이킹폴딩방석 -,굿즈명,,수기,0.00,보류,unmatched score=0.00 freq=1
PT2939-OPP(전용,굿즈명,,수기,0.00,보류,unmatched score=0.00 freq=1
PT2939-OPP(전용),굿즈명,,수기,0.00,보류,unmatched score=0.00 freq=1
PT2939-OPP(전용) -,굿즈명,,수기,0.00,보류,unmatched score=0.00 freq=1
PT2960-아크릴아이콘_투명,굿즈명,,수기,0.00,보류,unmatched score=0.00 freq=1
PT2962-아이콘펜(클립)_화이트,굿즈명,,수기,0.00,보류,unmatched score=0.00 freq=2
PT2962-아이콘펜(클립)_화이트 -,굿즈명,,수기,0.00,보류,unmatched score=0.00 freq=6
PT2986-지지박스 -,굿즈명,,수기,0.00,보류,unmatched score=0.00 freq=1
PT2988-스페이스차량용청소기_블랙,굿즈명,,수기,0.00,보류,unmatched score=0.00 freq=2
PT2995-지지대(전용)_화이트,굿즈명,,수기,0.00,보류,unmatched score=0.00 freq=1
PT3072-에어캡봉투(소),굿즈명,,수기,0.00,보류,unmatched score=0.00 freq=7
PT3072-에어캡봉투(소) -,굿즈명,,수기,0.00,보류,unmatched score=0.00 freq=1
PT3073-에어캡봉투(중),굿즈명,,수기,0.00,보류,unmatched score=0.00 freq=4
PT3074-에어캡봉투(대),굿즈명,,수기,0.00,보류,unmatched score=0.00 freq=3
PT3074-에어캡봉투(대) -,굿즈명,,수기,0.00,보류,unmatched score=0.00 freq=2
PT3086-휴대용치약 -,굿즈명,,수기,0.00,보류,unmatched score=0.00 freq=1
PT3086-휴대용치약(언파차차20g)_화이트,굿즈명,,수기,0.00,보류,unmatched score=0.00 freq=1
PT3139-포켓마켓백_추상적산출물,굿즈명,,수기,0.00,보류,unmatched score=0.00 freq=1
PT3154-미니멀스텐머그 -,굿즈명,,수기,0.00,보류,unmatched score=0.00 freq=1
PT3154-미니멀스텐머그_추상적산출물,굿즈명,,수기,0.00,보류,unmatched score=0.00 freq=1
PT3167-OPP(전용),굿즈명,,수기,0.00,보류,unmatched score=0.00 freq=1
PT3167-OPP(전용) -,굿즈명,,수기,0.00,보류,unmatched score=0.00 freq=1
PT3200-캐리미와인잔(컵부분),굿즈명,,수기,0.00,보류,unmatched score=0.00 freq=1
PT3201-캐리미와인잔(받침대)_투명,굿즈명,,수기,0.00,보류,unmatched score=0.00 freq=1
PT3217-캐리미와인잔,굿즈명,,수기,0.00,보류,unmatched score=0.00 freq=1
PT3217-캐리미와인잔 -,굿즈명,,수기,0.00,보류,unmatched score=0.00 freq=1
PT3282-띠지(커스텀인쇄)_화이트+디지털풀컬러,굿즈명,,수기,0.00,보류,unmatched score=0.00 freq=1
PT3285-액티브스포츠타월_추상적산출물,굿즈명,,수기,0.00,보류,unmatched score=0.00 freq=1
PT3298-올웨이즈양우산,굿즈명,,수기,0.00,보류,unmatched score=0.00 freq=1
PT3314-블리스터(전용)_투명,굿즈명,,수기,0.00,보류,unmatched score=0.00 freq=1
PT3314-블리스터(전용)_투명 -,굿즈명,,수기,0.00,보류,unmatched score=0.00 freq=2
PT3316-띠지-,굿즈명,,수기,0.00,보류,unmatched score=0.00 freq=1
PT3325-리마커블UV칫솔살균기(C타입),굿즈명,UVBR,유사,0.40,보류,jaccard score=0.40 freq=3
PT3325-리마커블UV칫솔살균기(C타입) -,굿즈명,UVBR,유사,0.40,보류,jaccard score=0.40 freq=2
PT3329-슈가케인펜_쿨그레이,굿즈명,,수기,0.00,보류,unmatched score=0.00 freq=5
PT3330-칫솔케이스(커스텀인쇄)_투명,굿즈명,,수기,0.00,보류,unmatched score=0.00 freq=3
PT3330-칫솔케이스(커스텀인쇄)_투명 -,굿즈명,,수기,0.00,보류,unmatched score=0.00 freq=1
PT3331-테크미니파우치,굿즈명,,수기,0.00,보류,unmatched score=0.00 freq=1
PT3339-핸디링미니선풍기_화이트,굿즈명,,수기,0.00,보류,unmatched score=0.00 freq=2
PT3340-핸디링미니선풍기_네이비,굿즈명,,수기,0.00,보류,unmatched score=0.00 freq=1
PT3343-펄프박스_리드_그레이,굿즈명,,수기,0.00,보류,unmatched score=0.00 freq=4
PT3344-펄프박스_바디_그레이,굿즈명,,수기,0.00,보류,unmatched score=0.00 freq=3
PT3345-띠지밴드_그레이 -,굿즈명,,수기,0.00,보류,unmatched score=0.00 freq=1
PT3348-단품박스(스탠다드)_화이트 -,굿즈명,,수기,0.00,보류,unmatched score=0.00 freq=1
PT3356-심플바인더노트(바인더+내지2종),굿즈명,,수기,0.00,보류,unmatched score=0.00 freq=1
PT3363-바닥지_화이트+옵셋풀컬러 -,굿즈명,,수기,0.00,보류,unmatched score=0.00 freq=1
PT3365-와이드클립펜_올블랙,굿즈명,,수기,0.00,보류,unmatched score=0.00 freq=2
PT3366-와이드클립펜_화이트,굿즈명,,수기,0.00,보류,unmatched score=0.00 freq=1
PT3371-시그니처다이어리_블랙,굿즈명,,수기,0.00,보류,unmatched score=0.00 freq=1
PT3377-시그니처다이어리_밴드_20.빨강,굿즈명,,수기,0.00,보류,unmatched score=0.00 freq=1
PT3386-시그니처다이어리_라이트그레이,굿즈명,,수기,0.00,보류,unmatched score=0.00 freq=1
PT3395-슬리브(전용)(Tower)_투명+블랙인쇄,굿즈명,,수기,0.00,보류,unmatched score=0.00 freq=1
PT3576-스펙트럼컬러펜 -,굿즈명,,수기,0.00,보류,unmatched score=0.00 freq=1
PT3576-스펙트럼컬러펜-,굿즈명,,수기,0.00,보류,unmatched score=0.00 freq=1
PT3579-버티컬무선충전패드 -,굿즈명,,수기,0.00,보류,unmatched score=0.00 freq=1
PT3591-외주생산총공정산출물_어태치보조배터리,굿즈명,,수기,0.00,보류,unmatched score=0.00 freq=1
PT3601-브랜드스트랩단우산,굿즈명,,수기,0.00,보류,unmatched score=0.00 freq=1
PT3604-외주생산총공정산출물_슈가케인펜,굿즈명,,수기,0.00,보류,unmatched score=0.00 freq=1
PT3766-킵세이프마그넷배터리,굿즈명,,수기,0.00,보류,unmatched score=0.00 freq=9
PT3766-킵세이프마그넷배터리 -,굿즈명,,수기,0.00,보류,unmatched score=0.00 freq=4
PT3771-주의사항표기서(전용)_화이트,굿즈명,,수기,0.00,보류,unmatched score=0.00 freq=1
PT3779-무광스트링파우치 -,굿즈명,,수기,0.00,보류,unmatched score=0.00 freq=1
PT3787-칫솔케이스 -,굿즈명,,수기,0.00,보류,unmatched score=0.00 freq=1
PT3787-칫솔케이스_추상적산출물,굿즈명,,수기,0.00,보류,unmatched score=0.00 freq=1
PT3853-미스트워터보틀_추상적산출물,굿즈명,,수기,0.00,보류,unmatched score=0.00 freq=1
PT3900-리멤버탁상시계,굿즈명,,수기,0.00,보류,unmatched score=0.00 freq=2
PT3995 -,굿즈명,,수기,0.00,보류,unmatched score=0.00 freq=1
PT4012-프리미엄3단암막우산_블랙,굿즈명,,수기,0.00,보류,unmatched score=0.00 freq=1
PT4014-굿데이캐리어파우치_실버,굿즈명,,수기,0.00,보류,unmatched score=0.00 freq=1
PT4015-락앤락더블월콜드컵_아이보리,굿즈명,,수기,0.00,보류,unmatched score=0.00 freq=1
PT4015-락앤락더블월콜드컵_아이보리 -,굿즈명,,수기,0.00,보류,unmatched score=0.00 freq=1
PT4027-데일리짐색,굿즈명,,수기,0.00,보류,unmatched score=0.00 freq=1
PT4032-사각스티커,굿즈명,,수기,0.00,보류,unmatched score=0.00 freq=1
PT4103-와이드클립펜 -,굿즈명,,수기,0.00,보류,unmatched score=0.00 freq=1
PT4239-리프레쉬고체치약 -,굿즈명,,수기,0.00,보류,unmatched score=0.00 freq=1
PT4240-사각스티커,굿즈명,,수기,0.00,보류,unmatched score=0.00 freq=2
PT4271-베이직도킹형보조배터리,굿즈명,,수기,0.00,보류,unmatched score=0.00 freq=2
PT4275-브랜드핏쇼핑백,굿즈명,,수기,0.00,보류,unmatched score=0.00 freq=1
PT4318-모션스탠다드박스_커버 -,굿즈명,,수기,0.00,보류,unmatched score=0.00 freq=1
PT4330-히트업손난로보조배터리_화이트,굿즈명,,수기,0.00,보류,unmatched score=0.00 freq=1
PT4379-풀커버스티치노트 -,굿즈명,,수기,0.00,보류,unmatched score=0.00 freq=1
PT4399-OPP -,굿즈명,,수기,0.00,보류,unmatched score=0.00 freq=1
PT4467-브랜디드피규어,굿즈명,,수기,0.00,보류,unmatched score=0.00 freq=1
PT4475-스탠리슬림보틀,굿즈명,,수기,0.00,보류,unmatched score=0.00 freq=3
PT4475-스탠리슬림보틀 -,굿즈명,,수기,0.00,보류,unmatched score=0.00 freq=1
PT4592-배경지,굿즈명,,수기,0.00,보류,unmatched score=0.00 freq=1
PT4605-비스포크_산출물(상품),굿즈명,,수기,0.00,보류,unmatched score=0.00 freq=1
PT4610-브랜드팝클리어키링 -,굿즈명,,수기,0.00,보류,unmatched score=0.00 freq=1
PT4612-라이트샤오미펜,굿즈명,,수기,0.00,보류,unmatched score=0.00 freq=1
PT4615-올데이텀블러_화이트(ver2),굿즈명,,수기,0.00,보류,unmatched score=0.00 freq=2
PT4707-EVA파우치실리콘링_화이트 -,굿즈명,,수기,0.00,보류,unmatched score=0.00 freq=1
PT4708-3단자동우산_블랙,굿즈명,,수기,0.00,보류,unmatched score=0.00 freq=2
PT4709-단품박스(전용) -,굿즈명,,수기,0.00,보류,unmatched score=0.00 freq=1
PT4710-브릭스탠드멀티충전스테이션_(블리스터),굿즈명,,수기,0.00,보류,unmatched score=0.00 freq=1
PT4712-단품박스(전용)_화이트,굿즈명,,수기,0.00,보류,unmatched score=0.00 freq=2
PT4714-메모패드 -,굿즈명,,수기,0.00,보류,unmatched score=0.00 freq=1
PT4715-사용설명서(전용)(브릭메모캘린더스탠드) -,굿즈명,,수기,0.00,보류,unmatched score=0.00 freq=1
PT4716-밸류메모큐브(ver2)(점착.S),굿즈명,,수기,0.00,보류,unmatched score=0.00 freq=1
PT4718-밸류메모큐브(ver2)(비점착.S),굿즈명,,수기,0.00,보류,unmatched score=0.00 freq=1
PT4719-밸류메모큐브(ver2)(비점착.M),굿즈명,,수기,0.00,보류,unmatched score=0.00 freq=1
PT4723-오아시스미니마사지건(전용)_박스,굿즈명,,수기,0.00,보류,unmatched score=0.00 freq=1
PT4726-단품박스(스탠다드)_화이트 -,굿즈명,,수기,0.00,보류,unmatched score=0.00 freq=1
PT4727-주의사항표기서 -,굿즈명,,수기,0.00,보류,unmatched score=0.00 freq=1
PT4729-커넥트6in1케이블키트_본품,굿즈명,,수기,0.00,보류,unmatched score=0.00 freq=1
PT4730-단품박스(전용)_화이트,굿즈명,,수기,0.00,보류,unmatched score=0.00 freq=1
PT4734-브랜디드피규어키링,굿즈명,,수기,0.00,보류,unmatched score=0.00 freq=1
PT4751-하이라이트슬라이드지퍼백(M),굿즈명,,수기,0.00,보류,unmatched score=0.00 freq=8
PT4755-칠링패드냉각선풍기_화이트,굿즈명,,수기,0.00,보류,unmatched score=0.00 freq=1
PT4756-마그넷케이블홀더_화이트,굿즈명,,수기,0.00,보류,unmatched score=0.00 freq=2
PT4757-마그넷케이블홀더_블랙,굿즈명,,수기,0.00,보류,unmatched score=0.00 freq=2
PT4758-단품박스(전용),굿즈명,,수기,0.00,보류,unmatched score=0.00 freq=2
PT4759-블리스터(전용),굿즈명,,수기,0.00,보류,unmatched score=0.00 freq=2
PT4761-골지G형박스(M)_그레이,굿즈명,,수기,0.00,보류,unmatched score=0.00 freq=1
PT4768-EVA파우치(전용)_반투명 -,굿즈명,,수기,0.00,보류,unmatched score=0.00 freq=1
PT4795-올웨이즈양우산(세트_본품및케이스)_블랙,굿즈명,,수기,0.00,보류,unmatched score=0.00 freq=1
PT4830-솔리드레디백_블랙,굿즈명,,수기,0.00,보류,unmatched score=0.00 freq=1
PT4843-골지단품박스(전용)(핸들),굿즈명,,수기,0.00,보류,unmatched score=0.00 freq=1
PT4856-어텐션스포츠보틀(GS),굿즈명,,수기,0.00,보류,unmatched score=0.00 freq=1
PT4860-브랜디드타월,굿즈명,,수기,0.00,보류,unmatched score=0.00 freq=1
PT4860-브랜디드타월 -,굿즈명,,수기,0.00,보류,unmatched score=0.00 freq=1
PT4865-전용박스(GS)_화이트,굿즈명,,수기,0.00,보류,unmatched score=0.00 freq=1
PT4870-사용설명서(GS),굿즈명,,수기,0.00,보류,unmatched score=0.00 freq=1
PT4902-트레이박스_블랙,굿즈명,,수기,0.00,보류,unmatched score=0.00 freq=2
PT4902-트레이박스_블랙 -,굿즈명,,수기,0.00,보류,unmatched score=0.00 freq=1
PT4903-슬리브(스탠다드),굿즈명,,수기,0.00,보류,unmatched score=0.00 freq=2
PT4903-슬리브(스탠다드)_투명 -,굿즈명,,수기,0.00,보류,unmatched score=0.00 freq=1
PT4904-지지대(전용),굿즈명,,수기,0.00,보류,unmatched score=0.00 freq=2
PT4904-지지대(전용)_블랙+실버인쇄 -,굿즈명,,수기,0.00,보류,unmatched score=0.00 freq=1
PT4911-배경지,굿즈명,,수기,0.00,보류,unmatched score=0.00 freq=2
PT4911-배경지 -,굿즈명,,수기,0.00,보류,unmatched score=0.00 freq=1
PT4917-아크릴트로피,굿즈명,,수기,0.00,보류,unmatched score=0.00 freq=2
PT4917-아크릴트로피 -,굿즈명,,수기,0.00,보류,unmatched score=0.00 freq=1
PT4946-사각스티커,굿즈명,,수기,0.00,보류,unmatched score=0.00 freq=1
PT4947-웰컴페이퍼(커스텀인쇄),굿즈명,,수기,0.00,보류,unmatched score=0.00 freq=1
PT4948-어드벤스3단자동우산,굿즈명,,수기,0.00,보류,unmatched score=0.00 freq=1
PT4964-브릭용캘린더 -,굿즈명,,수기,0.00,보류,unmatched score=0.00 freq=1
PT4968- 브릭메모&캘린더스탠드&브랜디드피규어 -,굿즈명,,수기,0.00,보류,unmatched score=0.00 freq=1
PT5125-킵세이프마그넷배터리MAX -,굿즈명,,수기,0.00,보류,unmatched score=0.00 freq=1
PT5157-아임히어리플렉터키링 -,굿즈명,,수기,0.00,보류,unmatched score=0.00 freq=1
PT5225-에어캡패드,굿즈명,,수기,0.00,보류,unmatched score=0.00 freq=1
PT5289-덮개박스(스탠다드)_블랙,굿즈명,,수기,0.00,보류,unmatched score=0.00 freq=2
PT5311-올데이텀블러(GS)_화이트,굿즈명,,수기,0.00,보류,unmatched score=0.00 freq=1
PT5311-올데이텀블러(GS)_화이트 뚜껑,굿즈명,,수기,0.00,보류,unmatched score=0.00 freq=1
PT5311-올데이텀블러(GS)_화이트 바디,굿즈명,,수기,0.00,보류,unmatched score=0.00 freq=1
PT5312-단품박스(전용)(GS),굿즈명,,수기,0.00,보류,unmatched score=0.00 freq=1
PT5412-덮개박스(스탠다드)_화이트,굿즈명,,수기,0.00,보류,unmatched score=0.00 freq=1
Passion 더스트백 키트,굿즈명,,수기,0.67,보류,jaccard score=0.67 freq=10
Passion더스트백 키트(개별외박스),굿즈명,,수기,0.50,보류,jaccard score=0.50 freq=1
Passion더스트백 키트(일괄 외박스),굿즈명,,수기,0.40,보류,jaccard score=0.40 freq=1
Quality슬리브 박스 슬리브,굿즈명,,수기,0.00,보류,unmatched score=0.00 freq=1
Quality슬리브박스 키트 (매트차콜블랙),굿즈명,SLVR,유사,0.40,보류,jaccard score=0.40 freq=2
Quality슬리브박스 키트 (문화콘텐츠팀),굿즈명,SLVR,유사,0.40,보류,jaccard score=0.40 freq=1
Quality슬리브박스 키트 (베뉴베뉴마케팅),굿즈명,SLVR,유사,0.40,보류,jaccard score=0.40 freq=1
Quality슬리브박스 키트 (블루),굿즈명,SLVR,유사,0.40,보류,jaccard score=0.40 freq=1
Quality슬리브박스 키트 (샤이니화이트),굿즈명,SLVR,유사,0.40,보류,jaccard score=0.40 freq=1
Quality슬리브박스 키트 (전시1팀),굿즈명,SLVR,유사,0.40,보류,jaccard score=0.40 freq=1
Quality슬리브박스 키트 (전시서비스팀),굿즈명,SLVR,유사,0.40,보류,jaccard score=0.40 freq=1
Quality슬리브박스 키트 (해외사업팀),굿즈명,SLVR,유사,0.40,보류,jaccard score=0.40 freq=1
Quality슬리브박스 키트 180+여유수량,굿즈명,SLVR,유사,0.40,보류,jaccard score=0.40 freq=1
Quality슬리브박스 키트 320+여유수량,굿즈명,SLVR,유사,0.40,보류,jaccard score=0.40 freq=1
Quality슬리브박스 키트(남성),굿즈명,SLVR,유사,0.40,보류,jaccard score=0.40 freq=1
Quality슬리브박스 키트(블랙아이콘홀더),굿즈명,SLVR,유사,0.40,보류,jaccard score=0.40 freq=1
Quality슬리브박스 키트(여성),굿즈명,SLVR,유사,0.40,보류,jaccard score=0.40 freq=1
Quality슬리브박스 키트(클린코튼),굿즈명,SLVR,유사,0.40,보류,jaccard score=0.40 freq=2
Quality슬리브박스 키트(화이트아이콘홀더),굿즈명,SLVR,유사,0.40,보류,jaccard score=0.40 freq=1
Quality슬리브박스(비스포크) 키트,굿즈명,SLVR,유사,0.40,보류,jaccard score=0.40 freq=1
Quality슬리브박스[쿠팡파이낸셜] 키트,굿즈명,,수기,0.00,보류,unmatched score=0.00 freq=1
Quality슬리브박스[쿠팡페이] 키트,굿즈명,,수기,0.00,보류,unmatched score=0.00 freq=1
Quality슬리브박스키트,굿즈명,,수기,0.00,보류,unmatched score=0.00 freq=9
Quality슬리브박스키트100,굿즈명,,수기,0.00,보류,unmatched score=0.00 freq=1
Raw 코튼파우치,굿즈명,,수기,0.00,보류,unmatched score=0.00 freq=1
Raw코튼파우치,굿즈명,,수기,0.00,보류,unmatched score=0.00 freq=1
Raw코튼파우치 키(L,굿즈명,,수기,0.00,보류,unmatched score=0.00 freq=1
Raw코튼파우치 키트 (L,굿즈명,,수기,0.00,보류,unmatched score=0.00 freq=1
Raw코튼파우치(L,굿즈명,,수기,0.00,보류,unmatched score=0.00 freq=63
Raw코튼파우치75,굿즈명,,수기,0.00,보류,unmatched score=0.00 freq=1
Reinvent슬리브박스키트,굿즈명,,수기,0.00,보류,unmatched score=0.00 freq=1
S,굿즈명,,수기,0.00,보류,unmatched score=0.00 freq=5
S -,굿즈명,,수기,0.00,보류,unmatched score=0.00 freq=3
S 사이즈,굿즈명,,수기,0.00,보류,unmatched score=0.00 freq=3
S(45),굿즈명,,수기,0.00,보류,unmatched score=0.00 freq=1
S),굿즈명,,수기,0.00,보류,unmatched score=0.00 freq=19
S) (2XL),굿즈명,,수기,0.00,보류,unmatched score=0.00 freq=1
S) (L),굿즈명,,수기,0.00,보류,unmatched score=0.00 freq=1
S) (M),굿즈명,,수기,0.00,보류,unmatched score=0.00 freq=1
S) (S),굿즈명,,수기,0.00,보류,unmatched score=0.00 freq=1
S) (XL),굿즈명,,수기,0.00,보류,unmatched score=0.00 freq=1
"S) 2XL 20""",굿즈명,,수기,0.00,보류,unmatched score=0.00 freq=1
S) 2XL(1),굿즈명,,수기,0.00,보류,unmatched score=0.00 freq=1
S) 2XL(10),굿즈명,,수기,0.00,보류,unmatched score=0.00 freq=1
S) 2XL(11개),굿즈명,,수기,0.00,보류,unmatched score=0.00 freq=1
S) 2XL(20),굿즈명,,수기,0.00,보류,unmatched score=0.00 freq=1
S) 2XL(21),굿즈명,,수기,0.00,보류,unmatched score=0.00 freq=1
S) 2XL(2개),굿즈명,,수기,0.00,보류,unmatched score=0.00 freq=1
S) 3XL(2개),굿즈명,,수기,0.00,보류,unmatched score=0.00 freq=1
S) 3XL(3),굿즈명,,수기,0.00,보류,unmatched score=0.00 freq=1
S) 3XL(8),굿즈명,,수기,0.00,보류,unmatched score=0.00 freq=1
S) 4XL(1),굿즈명,,수기,0.00,보류,unmatched score=0.00 freq=1
S) 4XL(1개),굿즈명,,수기,0.00,보류,unmatched score=0.00 freq=1
S) 5XL(4개),굿즈명,,수기,0.00,보류,unmatched score=0.00 freq=1
S) L,굿즈명,,수기,0.00,보류,unmatched score=0.00 freq=1
S) L(10),굿즈명,,수기,0.00,보류,unmatched score=0.00 freq=1
S) L(12개),굿즈명,,수기,0.00,보류,unmatched score=0.00 freq=1
S) L(25),굿즈명,,수기,0.00,보류,unmatched score=0.00 freq=1
S) L(25개),굿즈명,,수기,0.00,보류,unmatched score=0.00 freq=1
S) L(26),굿즈명,,수기,0.00,보류,unmatched score=0.00 freq=1
S) L(50),굿즈명,,수기,0.00,보류,unmatched score=0.00 freq=1
S) M(12),굿즈명,,수기,0.00,보류,unmatched score=0.00 freq=1
S) M(14),굿즈명,,수기,0.00,보류,unmatched score=0.00 freq=1
S) M(15),굿즈명,,수기,0.00,보류,unmatched score=0.00 freq=1
S) M(4),굿즈명,,수기,0.00,보류,unmatched score=0.00 freq=1
S) M(7개),굿즈명,,수기,0.00,보류,unmatched score=0.00 freq=1
S) M(8개),굿즈명,,수기,0.00,보류,unmatched score=0.00 freq=1
S) S(2),굿즈명,,수기,0.00,보류,unmatched score=0.00 freq=1
S) S(2개),굿즈명,,수기,0.00,보류,unmatched score=0.00 freq=1
S) S(3개),굿즈명,,수기,0.00,보류,unmatched score=0.00 freq=1
S) S(5),굿즈명,,수기,0.00,보류,unmatched score=0.00 freq=2
S) XL,굿즈명,,수기,0.00,보류,unmatched score=0.00 freq=1
S) XL(11개),굿즈명,,수기,0.00,보류,unmatched score=0.00 freq=1
S) XL(12개),굿즈명,,수기,0.00,보류,unmatched score=0.00 freq=1
S) XL(20),굿즈명,,수기,0.00,보류,unmatched score=0.00 freq=1
S) XL(21),굿즈명,,수기,0.00,보류,unmatched score=0.00 freq=1
S) XL(27),굿즈명,,수기,0.00,보류,unmatched score=0.00 freq=1
S) XL(40),굿즈명,,수기,0.00,보류,unmatched score=0.00 freq=1
S)M(10),굿즈명,,수기,0.00,보류,unmatched score=0.00 freq=1
Simple슬라이드지퍼백(L) + 스티커,굿즈명,,수기,0.00,보류,unmatched score=0.00 freq=1
Simple슬라이드지퍼백(L) 키트,굿즈명,,수기,0.00,보류,unmatched score=0.00 freq=6
Simple슬라이드지퍼백(L)키트,굿즈명,,수기,0.00,보류,unmatched score=0.00 freq=4
Simple슬라이드지퍼백(M)  키트,굿즈명,,수기,0.00,보류,unmatched score=0.00 freq=1
Simple슬라이드지퍼백(M) (그레이),굿즈명,,수기,0.00,보류,unmatched score=0.00 freq=1
Simple슬라이드지퍼백(M) + 스티커,굿즈명,,수기,0.00,보류,unmatched score=0.00 freq=4
Simple슬라이드지퍼백(M) 키트,굿즈명,,수기,0.00,보류,unmatched score=0.00 freq=62
Simple슬라이드지퍼백(M)(블랙),굿즈명,,수기,0.00,보류,unmatched score=0.00 freq=1
Simple슬라이드지퍼백(M)+사각스티커,굿즈명,,수기,0.00,보류,unmatched score=0.00 freq=1
Simple슬라이드지퍼백(M)+스티커,굿즈명,,수기,0.00,보류,unmatched score=0.00 freq=5
Simple슬라이드지퍼백(M)+스티커100,굿즈명,,수기,0.00,보류,unmatched score=0.00 freq=1
Simple슬라이드지퍼백(M)_추가제작 사각스티커,굿즈명,,수기,0.00,보류,unmatched score=0.00 freq=1
Simple슬라이드지퍼백(M)키트,굿즈명,,수기,0.00,보류,unmatched score=0.00 freq=63
Simple슬라이드지퍼백(M)키트(와이드클립펜1,굿즈명,,수기,0.00,보류,unmatched score=0.00 freq=1
Simple슬라이드지퍼백(S) + 스티커,굿즈명,,수기,0.00,보류,unmatched score=0.00 freq=3
Simple슬라이드지퍼백(S) 키트,굿즈명,,수기,0.00,보류,unmatched score=0.00 freq=17
Simple슬라이드지퍼백(S) 키트 302잔여분(플레인USB2),굿즈명,,수기,0.00,보류,unmatched score=0.00 freq=1
Simple슬라이드지퍼백(S)+스티커,굿즈명,,수기,0.00,보류,unmatched score=0.00 freq=2
Simple슬라이드지퍼백(S)키트,굿즈명,,수기,0.00,보류,unmatched score=0.00 freq=13
Simple슬라이드지퍼백(S)키트 100+,굿즈명,,수기,0.00,보류,unmatched score=0.00 freq=1
Small),굿즈명,,수기,0.00,보류,unmatched score=0.00 freq=1
Small) (벌크전달),굿즈명,,수기,0.00,보류,unmatched score=0.00 freq=1
Small) 키트,굿즈명,,수기,0.00,보류,unmatched score=0.00 freq=5
Small)(벌크전달),굿즈명,,수기,0.00,보류,unmatched score=0.00 freq=2
Small)키트,굿즈명,,수기,0.00,보류,unmatched score=0.00 freq=1
Solid 스탠다드 G형박스  키트,굿즈명,,수기,0.00,보류,unmatched score=0.00 freq=1
Solid 스탠다드 G형박스 [블랙],굿즈명,,수기,0.00,보류,unmatched score=0.00 freq=1
Solid 스탠다드 G형박스 [화이트],굿즈명,,수기,0.00,보류,unmatched score=0.00 freq=1
Solid 스탠다드 G형박스 키트,굿즈명,,수기,0.00,보류,unmatched score=0.00 freq=24
Solid 스탠다드 G형박스 키트 (2XL),굿즈명,,수기,0.00,보류,unmatched score=0.00 freq=1
Solid 스탠다드 G형박스 키트 (L),굿즈명,,수기,0.00,보류,unmatched score=0.00 freq=1
Solid 스탠다드 G형박스 키트 (M),굿즈명,,수기,0.00,보류,unmatched score=0.00 freq=1
Solid 스탠다드 G형박스 키트 (XL),굿즈명,,수기,0.00,보류,unmatched score=0.00 freq=1
Solid스탠다드G형박스(L사이즈) 키트 [인쇄 O],굿즈명,,수기,0.00,보류,unmatched score=0.00 freq=1
Solid스탠다드G형박스(브랜디드타월2개입) 키트,굿즈명,,수기,0.00,보류,unmatched score=0.00 freq=1
Solid스탠다드G형박스(브랜디드타월2개입)키트,굿즈명,SOLC,유사,0.40,보류,jaccard_norm score=0.40 freq=6
Solid스탠다드G형박스1사각스티커100,굿즈명,SOLC,유사,0.40,보류,jaccard score=0.40 freq=1
Stationery페이퍼박스 [다이어리 후면 각인],굿즈명,STBX,유사,0.40,보류,jaccard score=0.40 freq=1
Stationery페이퍼박스 [다이어리 후면 미각인],굿즈명,STBX,유사,0.40,보류,jaccard score=0.40 freq=1
Storage펄프박스리드,굿즈명,,수기,0.00,보류,unmatched score=0.00 freq=1
Storage펄프박스바디,굿즈명,,수기,0.00,보류,unmatched score=0.00 freq=1
Storage펄프박스바디+바닥지,굿즈명,,수기,0.00,보류,unmatched score=0.00 freq=1
S사이즈,굿즈명,,수기,0.00,보류,unmatched score=0.00 freq=2
Tailored 키트 (L),굿즈명,,수기,0.00,보류,unmatched score=0.00 freq=1
Tailored 키트 (M),굿즈명,,수기,0.00,보류,unmatched score=0.00 freq=1
Tailored 키트 (XL),굿즈명,,수기,0.00,보류,unmatched score=0.00 freq=1
Tailored스트랩박스 벌크,굿즈명,,수기,0.00,보류,unmatched score=0.00 freq=1
Tailored스트랩박스 키트,굿즈명,,수기,0.00,보류,unmatched score=0.00 freq=29
Tailored스트랩박스 키트 3L(20),굿즈명,,수기,0.00,보류,unmatched score=0.00 freq=1
Tailored스트랩박스 키트 4L(10),굿즈명,,수기,0.00,보류,unmatched score=0.00 freq=1
Tailored스트랩박스 키트 L(70),굿즈명,,수기,0.00,보류,unmatched score=0.00 freq=1
Tailored스트랩박스 키트 LL(70),굿즈명,,수기,0.00,보류,unmatched score=0.00 freq=1
Tailored스트랩박스 키트 M(30),굿즈명,,수기,0.00,보류,unmatched score=0.00 freq=1
Tailored스트랩박스 키트 재임가공,굿즈명,,수기,0.00,보류,unmatched score=0.00 freq=1
Tailored스트랩박스 트로피 제외 키트 [이달의 블로그],굿즈명,,수기,0.00,보류,unmatched score=0.00 freq=1
Tailored스트랩박스 트로피 제외 키트12+잔여웰컴페이퍼,굿즈명,,수기,0.00,보류,unmatched score=0.00 freq=1
Tailored스트랩박스 트로피 포함 키트 [올해의 블로그],굿즈명,,수기,0.00,보류,unmatched score=0.00 freq=1
Tailored스트랩박스키트,굿즈명,,수기,0.00,보류,unmatched score=0.00 freq=2
Thin),굿즈명,,수기,0.00,보류,unmatched score=0.00 freq=1
Thin) 여분,굿즈명,,수기,0.00,보류,unmatched score=0.00 freq=1
Thin) 키트,굿즈명,,수기,0.00,보류,unmatched score=0.00 freq=1
Two-way에코쇼핑백(L) 1+여분,굿즈명,,수기,0.00,보류,unmatched score=0.00 freq=1
UV(골프공 3구),굿즈명,,수기,0.00,보류,unmatched score=0.00 freq=1
UV(골프공),굿즈명,,수기,0.00,보류,unmatched score=0.00 freq=3
UV(올데이텀블러),굿즈명,,수기,0.00,보류,unmatched score=0.00 freq=1
UV(와이드클립펜),굿즈명,,수기,0.00,보류,unmatched score=0.00 freq=2
UV(클립 아트펜_양면),굿즈명,,수기,0.00,보류,unmatched score=0.00 freq=1
UV_전면,굿즈명,,수기,0.00,보류,unmatched score=0.00 freq=1
UV_풀컬러 몰스킨데일리노트1,굿즈명,,수기,0.00,보류,unmatched score=0.00 freq=1
W),굿즈명,,수기,0.00,보류,unmatched score=0.00 freq=14
W)  M(7),굿즈명,,수기,0.00,보류,unmatched score=0.00 freq=1
W) 220(L,굿즈명,,수기,0.00,보류,unmatched score=0.00 freq=1
W) 2XL,굿즈명,,수기,0.00,보류,unmatched score=0.00 freq=1
W) 2XL(111),굿즈명,,수기,0.00,보류,unmatched score=0.00 freq=1
W) 2XL(14),굿즈명,,수기,0.00,보류,unmatched score=0.00 freq=1
W) 2XL(17),굿즈명,,수기,0.00,보류,unmatched score=0.00 freq=1
W) 2XL(18),굿즈명,,수기,0.00,보류,unmatched score=0.00 freq=1
W) 2XL(20),굿즈명,,수기,0.00,보류,unmatched score=0.00 freq=1
W) 2XL(22),굿즈명,,수기,0.00,보류,unmatched score=0.00 freq=1
W) 2XL(30),굿즈명,,수기,0.00,보류,unmatched score=0.00 freq=1
W) 2XL(4),굿즈명,,수기,0.00,보류,unmatched score=0.00 freq=1
W) 2XL(5),굿즈명,,수기,0.00,보류,unmatched score=0.00 freq=4
W) 2XL(5개),굿즈명,,수기,0.00,보류,unmatched score=0.00 freq=1
W) 2XL(6),굿즈명,,수기,0.00,보류,unmatched score=0.00 freq=1
W) 2XL(8),굿즈명,,수기,0.00,보류,unmatched score=0.00 freq=1
W) 2XL10,굿즈명,,수기,0.00,보류,unmatched score=0.00 freq=1
W) 3XL(10),굿즈명,,수기,0.00,보류,unmatched score=0.00 freq=1
W) 3XL(13),굿즈명,,수기,0.00,보류,unmatched score=0.00 freq=1
W) 3XL(3),굿즈명,,수기,0.00,보류,unmatched score=0.00 freq=1
W) 3XL(4),굿즈명,,수기,0.00,보류,unmatched score=0.00 freq=2
"W) 4XL 1""",굿즈명,,수기,0.00,보류,unmatched score=0.00 freq=1
W) 4XL(1),굿즈명,,수기,0.00,보류,unmatched score=0.00 freq=1
W) 4XL(12),굿즈명,,수기,0.00,보류,unmatched score=0.00 freq=1
W) 5XL(3),굿즈명,,수기,0.00,보류,unmatched score=0.00 freq=1
W) 6XL(2),굿즈명,,수기,0.00,보류,unmatched score=0.00 freq=1
W) L,굿즈명,,수기,0.00,보류,unmatched score=0.00 freq=3
W) L(119),굿즈명,,수기,0.00,보류,unmatched score=0.00 freq=1
W) L(13),굿즈명,,수기,0.00,보류,unmatched score=0.00 freq=1
W) L(15),굿즈명,,수기,0.00,보류,unmatched score=0.00 freq=3
W) L(16),굿즈명,,수기,0.00,보류,unmatched score=0.00 freq=1
W) L(20),굿즈명,,수기,0.00,보류,unmatched score=0.00 freq=1
W) L(20개),굿즈명,,수기,0.00,보류,unmatched score=0.00 freq=1
W) L(24),굿즈명,,수기,0.00,보류,unmatched score=0.00 freq=1
W) L(29),굿즈명,,수기,0.00,보류,unmatched score=0.00 freq=1
W) L(35),굿즈명,,수기,0.00,보류,unmatched score=0.00 freq=1
W) L(36),굿즈명,,수기,0.00,보류,unmatched score=0.00 freq=1
W) L(38),굿즈명,,수기,0.00,보류,unmatched score=0.00 freq=1
W) L(80),굿즈명,,수기,0.00,보류,unmatched score=0.00 freq=1
W) M,굿즈명,,수기,0.00,보류,unmatched score=0.00 freq=3
W) M(12),굿즈명,,수기,0.00,보류,unmatched score=0.00 freq=2
W) M(13),굿즈명,,수기,0.00,보류,unmatched score=0.00 freq=2
W) M(15개),굿즈명,,수기,0.00,보류,unmatched score=0.00 freq=1
W) M(17),굿즈명,,수기,0.00,보류,unmatched score=0.00 freq=1
W) M(26),굿즈명,,수기,0.00,보류,unmatched score=0.00 freq=1
W) M(3),굿즈명,,수기,0.00,보류,unmatched score=0.00 freq=1
W) M(30),굿즈명,,수기,0.00,보류,unmatched score=0.00 freq=1
W) M(5),굿즈명,,수기,0.00,보류,unmatched score=0.00 freq=1
W) M(8),굿즈명,,수기,0.00,보류,unmatched score=0.00 freq=1
W) S(1),굿즈명,,수기,0.00,보류,unmatched score=0.00 freq=1
W) S(2),굿즈명,,수기,0.00,보류,unmatched score=0.00 freq=2
W) S(3),굿즈명,,수기,0.00,보류,unmatched score=0.00 freq=1
W) S(4),굿즈명,,수기,0.00,보류,unmatched score=0.00 freq=2
W) S(5개),굿즈명,,수기,0.00,보류,unmatched score=0.00 freq=1
W) S(6),굿즈명,,수기,0.00,보류,unmatched score=0.00 freq=1
W) S10,굿즈명,,수기,0.00,보류,unmatched score=0.00 freq=1
W) XL,굿즈명,,수기,0.00,보류,unmatched score=0.00 freq=2
W) XL(11),굿즈명,,수기,0.00,보류,unmatched score=0.00 freq=1
W) XL(14),굿즈명,,수기,0.00,보류,unmatched score=0.00 freq=1
W) XL(15),굿즈명,,수기,0.00,보류,unmatched score=0.00 freq=2
W) XL(15개),굿즈명,,수기,0.00,보류,unmatched score=0.00 freq=1
W) XL(20),굿즈명,,수기,0.00,보류,unmatched score=0.00 freq=1
W) XL(23),굿즈명,,수기,0.00,보류,unmatched score=0.00 freq=1
W) XL(25),굿즈명,,수기,0.00,보류,unmatched score=0.00 freq=1
W) XL(28),굿즈명,,수기,0.00,보류,unmatched score=0.00 freq=1
W) XL(40),굿즈명,,수기,0.00,보류,unmatched score=0.00 freq=1
W) XL(41),굿즈명,,수기,0.00,보류,unmatched score=0.00 freq=1
W) XL(44),굿즈명,,수기,0.00,보류,unmatched score=0.00 freq=1
W) XL(57),굿즈명,,수기,0.00,보류,unmatched score=0.00 freq=1
W) XL(84),굿즈명,,수기,0.00,보류,unmatched score=0.00 freq=1
W) XL10,굿즈명,,수기,0.00,보류,unmatched score=0.00 freq=1
W)L(30),굿즈명,,수기,0.00,보류,unmatched score=0.00 freq=1
W)M(12),굿즈명,,수기,0.00,보류,unmatched score=0.00 freq=1
W)XL(30),굿즈명,,수기,0.00,보류,unmatched score=0.00 freq=1
Wide),굿즈명,,수기,0.00,보류,unmatched score=0.00 freq=1
Wide) 키트,굿즈명,,수기,0.00,보류,unmatched score=0.00 freq=1
Wide) 키트 113(패스트캠퍼스 부트캠프),굿즈명,,수기,0.00,보류,unmatched score=0.00 freq=1
Wide)키트,굿즈명,,수기,0.00,보류,unmatched score=0.00 freq=2
Windows 로고,굿즈명,,수기,0.00,보류,unmatched score=0.00 freq=1
XL,굿즈명,,수기,0.00,보류,unmatched score=0.00 freq=9
XL -,굿즈명,,수기,0.00,보류,unmatched score=0.00 freq=1
XL 사이즈,굿즈명,,수기,0.00,보류,unmatched score=0.00 freq=10
XL(38),굿즈명,,수기,0.00,보류,unmatched score=0.00 freq=1
XL),굿즈명,,수기,0.00,보류,unmatched score=0.00 freq=1
XL12,굿즈명,,수기,0.00,보류,unmatched score=0.00 freq=1
XL사이즈,굿즈명,,수기,0.00,보류,unmatched score=0.00 freq=3
XL사이즈),굿즈명,,수기,0.00,보류,unmatched score=0.00 freq=26
XL사이즈) 30+여분,굿즈명,,수기,0.00,보류,unmatched score=0.00 freq=1
XL사이즈) 키트,굿즈명,,수기,0.00,보류,unmatched score=0.00 freq=15
XL사이즈)261,굿즈명,,수기,0.00,보류,unmatched score=0.00 freq=1
XL사이즈)키트,굿즈명,,수기,0.00,보류,unmatched score=0.00 freq=25
XL사이즈)핑크129,굿즈명,,수기,0.00,보류,unmatched score=0.00 freq=1
XL사이즈)화이트266,굿즈명,,수기,0.00,보류,unmatched score=0.00 freq=1
[경영관리팀],굿즈명,,수기,0.00,보류,unmatched score=0.00 freq=1
[영업부],굿즈명,,수기,0.00,보류,unmatched score=0.00 freq=1
]잔여분(라미펜1,굿즈명,,수기,0.00,보류,unmatched score=0.00 freq=1
a2),굿즈명,,수기,0.00,보류,unmatched score=0.00 freq=1
basket리드100,굿즈명,,수기,0.00,보류,unmatched score=0.00 freq=1
basket바디100,굿즈명,,수기,0.00,보류,unmatched score=0.00 freq=1
basket패키지 키트,굿즈명,,수기,0.00,보류,unmatched score=0.00 freq=6
basket패키지(바스켓패키지),굿즈명,,수기,0.00,보류,unmatched score=0.00 freq=5
basket패키지(바스켓패키지) 키트,굿즈명,,수기,0.00,보류,unmatched score=0.00 freq=10
basket패키지(바스켓패키지)리드,굿즈명,,수기,0.00,보류,unmatched score=0.00 freq=1
basket패키지(바스켓패키지)바디,굿즈명,,수기,0.00,보류,unmatched score=0.00 freq=1
basket패키지(바스켓패키지)슬리브,굿즈명,,수기,0.00,보류,unmatched score=0.00 freq=1
basket패키지(바스켓패키지)키트,굿즈명,,수기,0.00,보류,unmatched score=0.00 freq=13
basket패키지키트 (바스켓패키지),굿즈명,,수기,0.00,보류,unmatched score=0.00 freq=3
box,굿즈명,,수기,0.00,보류,unmatched score=0.00 freq=3
cSolid스탠다드G형박스(L사이즈)키트,굿즈명,,수기,0.00,보류,unmatched score=0.00 freq=1
c리멤버탁상시계,굿즈명,,수기,0.00,보류,unmatched score=0.00 freq=1
c핀),굿즈명,,수기,0.00,보류,unmatched score=0.00 freq=1
d급 발생,굿즈명,,수기,0.00,보류,unmatched score=0.00 freq=1
g형커스텀박스 여분,굿즈명,,수기,0.00,보류,unmatched score=0.00 freq=1
opp,굿즈명,,수기,0.00,보류,unmatched score=0.00 freq=5
opp 10장,굿즈명,,수기,0.00,보류,unmatched score=0.00 freq=1
opp 130장,굿즈명,,수기,0.00,보류,unmatched score=0.00 freq=1
opp10,굿즈명,,수기,0.00,보류,unmatched score=0.00 freq=1
opp1990,굿즈명,,수기,0.00,보류,unmatched score=0.00 freq=1
opp300,굿즈명,,수기,0.00,보류,unmatched score=0.00 freq=1
set,굿즈명,,수기,0.00,보류,unmatched score=0.00 freq=1
usb 재제작,굿즈명,,수기,0.00,보류,unmatched score=0.00 freq=1
※ 특이사항: 마우스패드·웰컴페이퍼 최상단 배치,굿즈명,,수기,0.00,보류,unmatched score=0.00 freq=1
※ 특이사항: 지퍼백 + 스티커 포장,굿즈명,,수기,0.00,보류,unmatched score=0.00 freq=1
ㄴ사이즈((240,굿즈명,,수기,0.00,보류,unmatched score=0.00 freq=1
가죽슬리브,굿즈명,,수기,0.00,보류,unmatched score=0.00 freq=1
가죽슬리브 - 1505 (4박스),굿즈명,,수기,0.00,보류,unmatched score=0.00 freq=1
가챠제비뽑기,굿즈명,,수기,0.00,보류,unmatched score=0.00 freq=1
가챠키캡키링,굿즈명,,수기,0.00,보류,unmatched score=0.00 freq=1
감사카드,굿즈명,,수기,0.00,보류,unmatched score=0.00 freq=1
강남,굿즈명,,수기,0.00,보류,unmatched score=0.00 freq=1
같이 동봉),굿즈명,,수기,0.00,보류,unmatched score=0.00 freq=1
개,굿즈명,,수기,0.00,보류,unmatched score=0.00 freq=2
거름망,굿즈명,,수기,0.00,보류,unmatched score=0.00 freq=1
건전기,굿즈명,,수기,0.00,보류,unmatched score=0.00 freq=1
건전지,굿즈명,,수기,0.00,보류,unmatched score=0.00 freq=2
건전지400,굿즈명,,수기,0.00,보류,unmatched score=0.00 freq=1
건전지800,굿즈명,,수기,0.00,보류,unmatched score=0.00 freq=1
경기광명,굿즈명,,수기,0.00,보류,unmatched score=0.00 freq=1
경기의정부,굿즈명,,수기,0.00,보류,unmatched score=0.00 freq=1
경영전략실(즐겨봐박스,굿즈명,,수기,0.00,보류,unmatched score=0.00 freq=1
경영지원본부(즐겨봐박스,굿즈명,,수기,0.00,보류,unmatched score=0.00 freq=1
고객인지이슈건 낱개,굿즈명,,수기,0.00,보류,unmatched score=0.00 freq=1
고객책다3,굿즈명,,수기,0.00,보류,unmatched score=0.00 freq=1
고체치약 키트,굿즈명,,수기,0.00,보류,unmatched score=0.00 freq=1
골든뱀부 멤브레인,굿즈명,,수기,0.00,보류,unmatched score=0.00 freq=1
골지트레이박스(전용)_블랙,굿즈명,,수기,0.00,보류,unmatched score=0.00 freq=2
골지패드(전용)(간지)20,굿즈명,,수기,0.00,보류,unmatched score=0.00 freq=1
골지패드(전용)(고정용지지대)20,굿즈명,,수기,0.00,보류,unmatched score=0.00 freq=1
골프공 공박스2),굿즈명,,수기,0.00,보류,unmatched score=0.00 freq=1
골프공 샘플,굿즈명,,수기,0.00,보류,unmatched score=0.00 freq=1
골프공+인쇄,굿즈명,,수기,0.00,보류,unmatched score=0.00 freq=5
골프공+인쇄 2세트,굿즈명,,수기,0.00,보류,unmatched score=0.00 freq=1
골프공+인쇄 6구,굿즈명,,수기,0.00,보류,unmatched score=0.00 freq=1
골프공3구,굿즈명,,수기,0.00,보류,unmatched score=0.00 freq=1
골프공3구1),굿즈명,,수기,0.00,보류,unmatched score=0.00 freq=1
골프공6구),굿즈명,,수기,0.00,보류,unmatched score=0.00 freq=1
공틴케이스2),굿즈명,,수기,0.00,보류,unmatched score=0.00 freq=1
괴마옥,굿즈명,,수기,0.00,보류,unmatched score=0.00 freq=1
교정용무선제본,굿즈명,,수기,0.00,보류,unmatched score=0.00 freq=3
교정용무선제본(레더스킨다이어리),굿즈명,,수기,0.00,보류,unmatched score=0.00 freq=1
교정용무선제본(시그니처다이어리),굿즈명,,수기,0.00,보류,unmatched score=0.00 freq=7
교정용제본,굿즈명,,수기,0.00,보류,unmatched score=0.00 freq=1
구분) - 송파,굿즈명,,수기,0.00,보류,unmatched score=0.00 freq=1
구분) - 수도권사업소,굿즈명,,수기,0.00,보류,unmatched score=0.00 freq=1
구성,굿즈명,,수기,0.00,보류,unmatched score=0.00 freq=2
굿데이볼캡+인쇄,굿즈명,,수기,0.00,보류,unmatched score=0.00 freq=1
굿데이볼캡[네이비],굿즈명,,수기,0.00,보류,unmatched score=0.00 freq=2
굿데이볼캡[연베이지],굿즈명,,수기,0.00,보류,unmatched score=0.00 freq=1
굿스타트슈즈백 키트,굿즈명,,수기,0.00,보류,unmatched score=0.00 freq=1
굿스타트슈즈백(키트(키링A1+리유저블컵(옐로우),굿즈명,,수기,0.00,보류,unmatched score=0.00 freq=1
굿스타트슈즈백(키트(키링A1+리유저블컵(카키),굿즈명,,수기,0.00,보류,unmatched score=0.00 freq=1
굿스타트슈즈백(키트(키링A2+리유저블컵(블루),굿즈명,,수기,0.00,보류,unmatched score=0.00 freq=1
굿스타트슈즈백(키트(키링A2+리유저블컵(카키),굿즈명,,수기,0.00,보류,unmatched score=0.00 freq=1
굿스타트슈즈백(키트(키링A3+리유저블컵(그린),굿즈명,,수기,0.00,보류,unmatched score=0.00 freq=1
굿스타트슈즈백(키트(키링A3+리유저블컵(블루),굿즈명,,수기,0.00,보류,unmatched score=0.00 freq=1
굿스타트슈즈백(키트(키링A4+리유저블컵(그린),굿즈명,,수기,0.00,보류,unmatched score=0.00 freq=1
굿스타트슈즈백(키트(키링A4+리유저블컵(아이보리),굿즈명,,수기,0.00,보류,unmatched score=0.00 freq=1
굿스타트슈즈백(키트)-리틀빅리유저블컵(그린),굿즈명,,수기,0.00,보류,unmatched score=0.00 freq=1
굿스타트슈즈백(키트)-리틀빅리유저블컵(블루),굿즈명,,수기,0.00,보류,unmatched score=0.00 freq=1
굿스타트슈즈백(키트)-리틀빅리유저블컵(아이보리),굿즈명,,수기,0.00,보류,unmatched score=0.00 freq=1
굿스타트슈즈백(키트)-리틀빅리유저블컵(옐로우),굿즈명,,수기,0.00,보류,unmatched score=0.00 freq=1
굿스타트슈즈백(키트)-리틀빅리유저블컵(카키),굿즈명,,수기,0.00,보류,unmatched score=0.00 freq=1
굿스타트슈즈백1,굿즈명,,수기,0.00,보류,unmatched score=0.00 freq=1
굿스타트슈즈백1),굿즈명,,수기,0.00,보류,unmatched score=0.00 freq=1
굿스타트슈즈백키트(스포츠타월,굿즈명,,수기,0.00,보류,unmatched score=0.00 freq=1
굿스타트슈즈백키트(스포츠타월 ),굿즈명,,수기,0.00,보류,unmatched score=0.00 freq=1
굿이너프 비치타올1,굿즈명,,수기,0.00,보류,unmatched score=0.00 freq=1
굿이너프비치타월 100+여유수량,굿즈명,,수기,0.00,보류,unmatched score=0.00 freq=1
굿이너프비치타월 띠지,굿즈명,,수기,0.00,보류,unmatched score=0.00 freq=1
굿이너프비치타월(FastTrack)1,굿즈명,,수기,0.00,보류,unmatched score=0.00 freq=1
굿이너프비치타월(FastTrack)2,굿즈명,,수기,0.00,보류,unmatched score=0.00 freq=1
굿이너프비치타월(FastTrack)3,굿즈명,,수기,0.00,보류,unmatched score=0.00 freq=1
굿이너프비치타월1,굿즈명,,수기,0.00,보류,unmatched score=0.00 freq=1
그래픽배너 보조배터리,굿즈명,,수기,0.00,보류,unmatched score=0.00 freq=1
그래픽에코백 여분,굿즈명,,수기,0.00,보류,unmatched score=0.00 freq=1
그래픽에코백 키트,굿즈명,,수기,0.00,보류,unmatched score=0.00 freq=21
그래픽에코백 키트(태그),굿즈명,,수기,0.00,보류,unmatched score=0.00 freq=1
그래픽에코백 키트100,굿즈명,,수기,0.00,보류,unmatched score=0.00 freq=1
그래픽에코백+인쇄,굿즈명,,수기,0.00,보류,unmatched score=0.00 freq=1
그래픽에코백추가옵션,굿즈명,,수기,0.00,보류,unmatched score=0.00 freq=1
그래픽에코백추가옵션0,굿즈명,,수기,0.00,보류,unmatched score=0.00 freq=1
그레이 50(임가공 지시누락으려 별도 분할 출고),굿즈명,,수기,0.00,보류,unmatched score=0.00 freq=1
그립잇 에폭시 스티커,굿즈명,,수기,0.00,보류,unmatched score=0.00 freq=1
그립톡1),굿즈명,,수기,0.00,보류,unmatched score=0.00 freq=1
글로시키링(24.09.ver)1,굿즈명,,수기,0.00,보류,unmatched score=0.00 freq=1
글로시키링(24.09.ver)100+!,굿즈명,,수기,0.00,보류,unmatched score=0.00 freq=2
글로시키링+인쇄,굿즈명,,수기,0.00,보류,unmatched score=0.00 freq=1
금일 오입하된 라벨 1박스입니다,굿즈명,,수기,0.00,보류,unmatched score=0.00 freq=1
기기배경지9종,굿즈명,,수기,0.00,보류,unmatched score=0.00 freq=1
기아(Creativity키트),굿즈명,,수기,0.00,보류,unmatched score=0.00 freq=1
기아(Environment키트),굿즈명,,수기,0.00,보류,unmatched score=0.00 freq=1
기아(Growth키트),굿즈명,,수기,0.00,보류,unmatched score=0.00 freq=2
기아_외박스(Connection,굿즈명,,수기,0.00,보류,unmatched score=0.00 freq=1
기아_외박스(Creativity,굿즈명,,수기,0.00,보류,unmatched score=0.00 freq=1
깔망,굿즈명,,수기,0.00,보류,unmatched score=0.00 freq=1
난석,굿즈명,,수기,0.00,보류,unmatched score=0.00 freq=1
남성 피규어가 들어간 키트 50개는 별도 외박스에 담아주시고 외박스에 표기해 주세요.,굿즈명,,수기,0.00,보류,unmatched score=0.00 freq=1
납품명세서),굿즈명,,수기,0.00,보류,unmatched score=0.00 freq=1
낫씽설거지비누(스탠다드),굿즈명,,수기,0.00,보류,unmatched score=0.00 freq=3
낫씽설거지비누100,굿즈명,,수기,0.00,보류,unmatched score=0.00 freq=1
내지100,굿즈명,,수기,0.00,보류,unmatched score=0.00 freq=1
내추럴노트 +opp,굿즈명,,수기,0.00,보류,unmatched score=0.00 freq=2
내추럴노트 +슈가케인펜,굿즈명,,수기,0.00,보류,unmatched score=0.00 freq=1
내추럴노트 -,굿즈명,,수기,0.00,보류,unmatched score=0.00 freq=1
내추럴노트+opp,굿즈명,,수기,0.00,보류,unmatched score=0.00 freq=4
내추럴노트+슈가케인펜,굿즈명,,수기,0.00,보류,unmatched score=0.00 freq=1
내추럴노트+올블랙펜,굿즈명,,수기,0.00,보류,unmatched score=0.00 freq=1
내추럴노트1,굿즈명,,수기,0.00,보류,unmatched score=0.00 freq=2
내추럴노트2,굿즈명,,수기,0.00,보류,unmatched score=0.00 freq=2
내추럴노트2),굿즈명,,수기,0.00,보류,unmatched score=0.00 freq=1
내추럴노트2공박스4,굿즈명,,수기,0.00,보류,unmatched score=0.00 freq=1
내추럴노트5),굿즈명,,수기,0.00,보류,unmatched score=0.00 freq=1
내추럴노트set100,굿즈명,,수기,0.00,보류,unmatched score=0.00 freq=1
네이비 볼캡,굿즈명,,수기,0.00,보류,unmatched score=0.00 freq=1
노랑형광(검은티 XL+ 흰티 XL+ 후드티 2XL),굿즈명,,수기,0.00,보류,unmatched score=0.00 freq=1
노스트레스피디충전기1,굿즈명,,수기,0.00,보류,unmatched score=0.00 freq=1
노트류지지대,굿즈명,,수기,0.00,보류,unmatched score=0.00 freq=1
노트류지지대(전용)_블랙,굿즈명,,수기,0.00,보류,unmatched score=0.00 freq=2
노트류지지대100,굿즈명,,수기,0.00,보류,unmatched score=0.00 freq=1
노트북백 단품,굿즈명,,수기,0.00,보류,unmatched score=0.00 freq=1
노트용 지지대,굿즈명,,수기,0.00,보류,unmatched score=0.00 freq=1
노트패드내지,굿즈명,,수기,0.00,보류,unmatched score=0.00 freq=1
노트하단100,굿즈명,,수기,0.00,보류,unmatched score=0.00 freq=1
녹색형광(검은티 XL+흰티 XL+후드티 XL )150,굿즈명,,수기,0.00,보류,unmatched score=0.00 freq=1
뉴스비전(즐겨봐박스,굿즈명,,수기,0.00,보류,unmatched score=0.00 freq=1
다이어리 A세트,굿즈명,,수기,0.00,보류,unmatched score=0.00 freq=1
다이어리 opp,굿즈명,,수기,0.00,보류,unmatched score=0.00 freq=1
다이어리 삽입),굿즈명,,수기,0.00,보류,unmatched score=0.00 freq=1
다이어리 커버 샘플,굿즈명,,수기,0.00,보류,unmatched score=0.00 freq=1
단상자87,굿즈명,,수기,0.00,보류,unmatched score=0.00 freq=1
단우산,굿즈명,,수기,0.00,보류,unmatched score=0.00 freq=2
단우산 200개(펠트봉투포장),굿즈명,,수기,0.00,보류,unmatched score=0.00 freq=1
단우산 300개(opp포장),굿즈명,,수기,0.00,보류,unmatched score=0.00 freq=1
단우산1),굿즈명,,수기,0.00,보류,unmatched score=0.00 freq=1
단품,굿즈명,,수기,0.00,보류,unmatched score=0.00 freq=2
단품 포장),굿즈명,,수기,0.00,보류,unmatched score=0.00 freq=1
단품박스,굿즈명,,수기,0.00,보류,unmatched score=0.00 freq=4
단품박스(스탠다드)_웜그레이,굿즈명,,수기,0.00,보류,unmatched score=0.00 freq=1
단품박스(커스텀인쇄),굿즈명,,수기,0.00,보류,unmatched score=0.00 freq=1
대박스*59 (여분 4),굿즈명,,수기,0.00,보류,unmatched score=0.00 freq=1
더블업트래블파우치,굿즈명,,수기,0.00,보류,unmatched score=0.00 freq=5
더블업트래블파우치(Large),굿즈명,,수기,0.00,보류,unmatched score=0.00 freq=3
더블업트래블파우치(Large)_단품,굿즈명,,수기,0.00,보류,unmatched score=0.00 freq=21
더블업트래블파우치(Small) 단품,굿즈명,,수기,0.00,보류,unmatched score=0.00 freq=1
더블업트래블파우치(Small) 키트,굿즈명,,수기,0.00,보류,unmatched score=0.00 freq=3
더블업트래블파우치(Small) 키트  203+여유수량,굿즈명,,수기,0.00,보류,unmatched score=0.00 freq=1
더블업트래블파우치(Small)_1),굿즈명,,수기,0.00,보류,unmatched score=0.00 freq=1
더블업트래블파우치(Small)_단품,굿즈명,,수기,0.00,보류,unmatched score=0.00 freq=46
더블업트래블파우치(Small)_벌크,굿즈명,,수기,0.00,보류,unmatched score=0.00 freq=1
더블업트래블파우치(Small)_키트,굿즈명,,수기,0.00,보류,unmatched score=0.00 freq=12
더블업트래블파우치+인쇄,굿즈명,,수기,0.00,보류,unmatched score=0.00 freq=3
더스트백 (+텀블러 + 보조배터리 + 칫솔살균기),굿즈명,,수기,0.50,보류,jaccard_norm score=0.50 freq=1
더스트백 (+텀블러),굿즈명,,수기,0.50,보류,jaccard_norm score=0.50 freq=1
더스트백 키트,굿즈명,,수기,1.00,보류,jaccard score=1.00 freq=2
더스트백1),굿즈명,,수기,0.50,보류,jaccard score=0.50 freq=3
데스크 테리어 매트,굿즈명,,수기,0.00,보류,unmatched score=0.00 freq=1
데스크 테이렁 매트,굿즈명,,수기,0.00,보류,unmatched score=0.00 freq=1
데스크4in무선충전기,굿즈명,,수기,0.00,보류,unmatched score=0.00 freq=1
데스크매트,굿즈명,,수기,0.00,보류,unmatched score=0.00 freq=1
데스크테리어매트,굿즈명,,수기,0.00,보류,unmatched score=0.00 freq=2
데스크테리어매트(기본형)100,굿즈명,,수기,0.00,보류,unmatched score=0.00 freq=1
데스크테리어매트+인쇄,굿즈명,,수기,0.00,보류,unmatched score=0.00 freq=2
데스크테리어매트1,굿즈명,,수기,0.00,보류,unmatched score=0.00 freq=1
데스크테리어매트299,굿즈명,,수기,0.00,보류,unmatched score=0.00 freq=1
데일리 짐색키트,굿즈명,,수기,0.00,보류,unmatched score=0.00 freq=2
데일리 칫솔살균기,굿즈명,,수기,0.00,보류,unmatched score=0.00 freq=1
데일리짐색 -,굿즈명,,수기,0.00,보류,unmatched score=0.00 freq=1
데일리짐색 2종,굿즈명,,수기,0.00,보류,unmatched score=0.00 freq=1
데일리짐색 검은원단,굿즈명,,수기,0.00,보류,unmatched score=0.00 freq=1
데일리짐색 흰색원단,굿즈명,,수기,0.00,보류,unmatched score=0.00 freq=1
데일리짐색(단품) 150+여분수량,굿즈명,,수기,0.00,보류,unmatched score=0.00 freq=1
데일리짐색(키트) 100잔여분(미스트워터보틀1,굿즈명,,수기,0.00,보류,unmatched score=0.00 freq=1
데일리짐색(키트) [1-노랑],굿즈명,,수기,0.00,보류,unmatched score=0.00 freq=4
데일리짐색(키트) [2-파랑],굿즈명,,수기,0.00,보류,unmatched score=0.00 freq=4
데일리짐색(키트)153,굿즈명,,수기,0.00,보류,unmatched score=0.00 freq=1
데일리짐색(키트)키트,굿즈명,,수기,0.00,보류,unmatched score=0.00 freq=1
데일리짐색1,굿즈명,,수기,0.00,보류,unmatched score=0.00 freq=3
데일리짐색100,굿즈명,,수기,0.00,보류,unmatched score=0.00 freq=1
데일리짐색2),굿즈명,,수기,0.00,보류,unmatched score=0.00 freq=1
데일리짐색A+ 양우산 키트,굿즈명,,수기,0.00,보류,unmatched score=0.00 freq=1
데일리짐색B +양우산+트로피 키트,굿즈명,,수기,0.00,보류,unmatched score=0.00 freq=1
데코스티커 + 슬로건다이어리 (OPP합포장),굿즈명,,수기,0.00,보류,unmatched score=0.00 freq=2
데코스티커 230개개,굿즈명,,수기,0.00,보류,unmatched score=0.00 freq=1
데코스티커),굿즈명,,수기,0.00,보류,unmatched score=0.00 freq=1
데코스티커+,굿즈명,,수기,0.00,보류,unmatched score=0.00 freq=3
데코스티커+ 데코스티커140,굿즈명,,수기,0.00,보류,unmatched score=0.00 freq=1
데코스티커++,굿즈명,,수기,0.00,보류,unmatched score=0.00 freq=2
데코스티커1,굿즈명,,수기,0.00,보류,unmatched score=0.00 freq=1
데코스티커1),굿즈명,,수기,0.00,보류,unmatched score=0.00 freq=1
데코스티커10,굿즈명,,수기,0.00,보류,unmatched score=0.00 freq=3
데코스티커10),굿즈명,,수기,0.00,보류,unmatched score=0.00 freq=3
데코스티커100,굿즈명,,수기,0.00,보류,unmatched score=0.00 freq=1
데코스티커14),굿즈명,,수기,0.00,보류,unmatched score=0.00 freq=1
데코스티커15,굿즈명,,수기,0.00,보류,unmatched score=0.00 freq=1
데코스티커17),굿즈명,,수기,0.00,보류,unmatched score=0.00 freq=1
데코스티커18,굿즈명,,수기,0.00,보류,unmatched score=0.00 freq=1
데코스티커2,굿즈명,,수기,0.00,보류,unmatched score=0.00 freq=2
데코스티커20),굿즈명,,수기,0.00,보류,unmatched score=0.00 freq=1
데코스티커200,굿즈명,,수기,0.00,보류,unmatched score=0.00 freq=1
데코스티커25,굿즈명,,수기,0.00,보류,unmatched score=0.00 freq=1
데코스티커3,굿즈명,,수기,0.00,보류,unmatched score=0.00 freq=1
데코스티커3),굿즈명,,수기,0.00,보류,unmatched score=0.00 freq=1
데코스티커5,굿즈명,,수기,0.00,보류,unmatched score=0.00 freq=4
데코스티커5),굿즈명,,수기,0.00,보류,unmatched score=0.00 freq=4
데코스티커50,굿즈명,,수기,0.00,보류,unmatched score=0.00 freq=1
도서 1권,굿즈명,,수기,0.00,보류,unmatched score=0.00 freq=1
동전+스티커(9종 각50개씩),굿즈명,,수기,0.00,보류,unmatched score=0.00 freq=1
동전+스티커잔여,굿즈명,,수기,0.00,보류,unmatched score=0.00 freq=1
드라이버스텀블러,굿즈명,,수기,0.00,보류,unmatched score=0.00 freq=9
드레스업손거울+데코스티커,굿즈명,,수기,0.00,보류,unmatched score=0.00 freq=1
드레스업손거울+인쇄,굿즈명,,수기,0.00,보류,unmatched score=0.00 freq=1
드립커피16),굿즈명,,수기,0.00,보류,unmatched score=0.00 freq=1
디스플레이피규어브랜디드 피규어 세트,굿즈명,,수기,1.00,보류,jaccard score=1.00 freq=1
디스플레이피규어세트,굿즈명,,수기,0.00,보류,unmatched score=0.00 freq=1
디스플레이피규어세트 + 브랜디드피규어,굿즈명,,수기,0.00,보류,unmatched score=0.00 freq=2
디스플레이피규어세트 + 브랜디드피규어+ 브랜디드피규어,굿즈명,,수기,0.00,보류,unmatched score=0.00 freq=1
디자이너노트 30+여분,굿즈명,,수기,0.00,보류,unmatched score=0.00 freq=1
디자이너노트 9),굿즈명,,수기,0.00,보류,unmatched score=0.00 freq=1
디자이너노트10,굿즈명,,수기,0.00,보류,unmatched score=0.00 freq=5
디자이너노트10),굿즈명,,수기,0.00,보류,unmatched score=0.00 freq=2
디자이너노트100,굿즈명,,수기,0.00,보류,unmatched score=0.00 freq=1
디자이너노트2),굿즈명,,수기,0.00,보류,unmatched score=0.00 freq=1
디자이너노트3),굿즈명,,수기,0.00,보류,unmatched score=0.00 freq=1
디자이너노트5,굿즈명,,수기,0.00,보류,unmatched score=0.00 freq=2
디자이너노트5),굿즈명,,수기,0.00,보류,unmatched score=0.00 freq=2
디자이너노트50,굿즈명,,수기,0.00,보류,unmatched score=0.00 freq=1
디자이너노트8),굿즈명,,수기,0.00,보류,unmatched score=0.00 freq=2
디테일드라이버키트 200 (여분),굿즈명,,수기,0.00,보류,unmatched score=0.00 freq=1
뚜껑,굿즈명,,수기,0.00,보류,unmatched score=0.00 freq=1
띠지,굿즈명,,수기,0.00,보류,unmatched score=0.00 freq=16
띠지 여유분 각,굿즈명,,수기,0.00,보류,unmatched score=0.00 freq=1
띠지(+양면테이프),굿즈명,,수기,0.00,보류,unmatched score=0.00 freq=2
띠지(커스텀인쇄)(L)_화이트,굿즈명,,수기,0.00,보류,unmatched score=0.00 freq=1
띠지(커스텀인쇄)_화이트,굿즈명,,수기,0.00,보류,unmatched score=0.00 freq=3
띠지+양면,굿즈명,,수기,0.00,보류,unmatched score=0.00 freq=1
띠지+양면테이프,굿즈명,,수기,0.00,보류,unmatched score=0.00 freq=2
띠지100,굿즈명,,수기,0.00,보류,unmatched score=0.00 freq=1
띠지105,굿즈명,,수기,0.00,보류,unmatched score=0.00 freq=1
띠지200,굿즈명,,수기,0.00,보류,unmatched score=0.00 freq=1
띠지300,굿즈명,,수기,0.00,보류,unmatched score=0.00 freq=1
띠지5),굿즈명,,수기,0.00,보류,unmatched score=0.00 freq=1
띠지50,굿즈명,,수기,0.00,보류,unmatched score=0.00 freq=2
띠지밴드,굿즈명,,수기,0.00,보류,unmatched score=0.00 freq=2
띠지밴드100,굿즈명,,수기,0.00,보류,unmatched score=0.00 freq=1
띠지밴드210,굿즈명,,수기,0.00,보류,unmatched score=0.00 freq=1
띠지밴드50,굿즈명,,수기,0.00,보류,unmatched score=0.00 freq=1
라미사파리펜),굿즈명,,수기,0.00,보류,unmatched score=0.00 freq=1
"라미사파리펜1""",굿즈명,,수기,0.00,보류,unmatched score=0.00 freq=1
라미아크릴1,굿즈명,,수기,0.00,보류,unmatched score=0.00 freq=1
라미아크릴2TT(신시어리 부자재부착용),굿즈명,,수기,0.00,보류,unmatched score=0.00 freq=2
라미펜,굿즈명,,수기,0.00,보류,unmatched score=0.00 freq=1
라미펜1,굿즈명,,수기,0.00,보류,unmatched score=0.00 freq=1
라미펜1),굿즈명,,수기,0.00,보류,unmatched score=0.00 freq=2
라미펜2,굿즈명,,수기,0.00,보류,unmatched score=0.00 freq=1
라벨1부,굿즈명,,수기,0.00,보류,unmatched score=0.00 freq=1
라운드밤부칫솔 + 린넨메쉬파우치,굿즈명,,수기,0.00,보류,unmatched score=0.00 freq=1
라운드밤부칫솔 세트,굿즈명,,수기,0.00,보류,unmatched score=0.00 freq=1
라운드밤부칫솔(stock)키트,굿즈명,,수기,0.00,보류,unmatched score=0.00 freq=1
라운드밤부칫솔10,굿즈명,,수기,0.00,보류,unmatched score=0.00 freq=1
라운드밤부칫솔50,굿즈명,,수기,0.00,보류,unmatched score=0.00 freq=1
라이트샤오미펜 벌크,굿즈명,,수기,0.00,보류,unmatched score=0.00 freq=1
라이트샤오미펜1,굿즈명,,수기,0.00,보류,unmatched score=0.00 freq=1
라이트샤오미펜100,굿즈명,,수기,0.00,보류,unmatched score=0.00 freq=1
라이트캘린더1),굿즈명,,수기,0.00,보류,unmatched score=0.00 freq=1
락앤락,굿즈명,,수기,0.00,보류,unmatched score=0.00 freq=6
"락앤락80""",굿즈명,,수기,0.00,보류,unmatched score=0.00 freq=1
레더라벨캠핑체어 100+여유수량,굿즈명,,수기,0.00,보류,unmatched score=0.00 freq=1
레더스킨다이어리,굿즈명,,수기,0.00,보류,unmatched score=0.00 freq=25
레더스킨다이어리(벌크),굿즈명,,수기,0.00,보류,unmatched score=0.00 freq=1
레더스킨다이어리(커스텀) 562+여분,굿즈명,,수기,0.00,보류,unmatched score=0.00 freq=1
레더스킨다이어리(커스텀) 855+여유수량,굿즈명,,수기,0.00,보류,unmatched score=0.00 freq=1
레더스킨다이어리(커스텀)+opp,굿즈명,,수기,0.00,보류,unmatched score=0.00 freq=1
레더스킨다이어리(커스텀)100,굿즈명,,수기,0.00,보류,unmatched score=0.00 freq=1
레더스킨다이어리(표준) +  띠지,굿즈명,,수기,0.00,보류,unmatched score=0.00 freq=1
레더스킨다이어리(표준) + opp,굿즈명,,수기,0.00,보류,unmatched score=0.00 freq=1
레더스킨다이어리(표준) 180+!,굿즈명,,수기,0.00,보류,unmatched score=0.00 freq=1
레더스킨다이어리(표준)+띠지,굿즈명,,수기,0.00,보류,unmatched score=0.00 freq=1
레더스킨다이어리(표준)+반투명종이패키지,굿즈명,,수기,0.00,보류,unmatched score=0.00 freq=1
레더스킨다이어리(표준)1,굿즈명,,수기,0.00,보류,unmatched score=0.00 freq=1
레더스킨다이어리(표준)100,굿즈명,,수기,0.00,보류,unmatched score=0.00 freq=1
"레더스킨다이어리(표준)15""",굿즈명,,수기,0.00,보류,unmatched score=0.00 freq=1
레더스킨다이어리(표준)300,굿즈명,,수기,0.00,보류,unmatched score=0.00 freq=1
레더스킨다이어리+OPP,굿즈명,,수기,0.00,보류,unmatched score=0.00 freq=2
레더스킨다이어리+opp,굿즈명,,수기,0.00,보류,unmatched score=0.00 freq=1
레더스킨다이어리+인쇄,굿즈명,,수기,0.00,보류,unmatched score=0.00 freq=3
레더스킨다이어리+인쇄 2종,굿즈명,,수기,0.00,보류,unmatched score=0.00 freq=1
레드) 스티커,굿즈명,,수기,0.00,보류,unmatched score=0.00 freq=1
레디고런치박스 100+여유수량,굿즈명,,수기,0.00,보류,unmatched score=0.00 freq=1
레디고런치박스1),굿즈명,,수기,0.00,보류,unmatched score=0.00 freq=1
레디백 키트,굿즈명,,수기,0.00,보류,unmatched score=0.00 freq=4
레터링유리머그 set,굿즈명,,수기,0.00,보류,unmatched score=0.00 freq=2
레터링유리머그 키트,굿즈명,,수기,0.00,보류,unmatched score=0.00 freq=2
레터링유리머그 키트(드립백미포함),굿즈명,,수기,0.00,보류,unmatched score=0.00 freq=1
레터링유리머그 키트(드립백포함),굿즈명,,수기,0.00,보류,unmatched score=0.00 freq=1
레터링유리머그+홈카페코스터,굿즈명,,수기,0.00,보류,unmatched score=0.00 freq=1
로고스트랩파우치 키트,굿즈명,,수기,0.00,보류,unmatched score=0.00 freq=7
로고스트랩파우치(단품)그레이230,굿즈명,,수기,0.00,보류,unmatched score=0.00 freq=1
로고스트랩파우치(키트) [토스뱅크],굿즈명,,수기,0.00,보류,unmatched score=0.00 freq=1
로고스트랩파우치(키트) [토스인슈어런스],굿즈명,,수기,0.00,보류,unmatched score=0.00 freq=1
로고스트랩파우치(키트) [토스증권],굿즈명,,수기,0.00,보류,unmatched score=0.00 freq=1
로고스트랩파우치(키트) [토스플레이스],굿즈명,,수기,0.00,보류,unmatched score=0.00 freq=1
로고스트랩파우치(키트)[토스]  (비바퍼블리카),굿즈명,,수기,0.00,보류,unmatched score=0.00 freq=4
로고스트랩파우치(키트)[토스뱅크],굿즈명,,수기,0.00,보류,unmatched score=0.00 freq=1
로고스트랩파우치+인쇄,굿즈명,,수기,0.00,보류,unmatched score=0.00 freq=1
로고스트랩파우치1,굿즈명,,수기,0.00,보류,unmatched score=0.00 freq=3
로고스트랩파우치1 ),굿즈명,,수기,0.00,보류,unmatched score=0.00 freq=1
로고스트랩파우치120,굿즈명,,수기,0.00,보류,unmatched score=0.00 freq=1
로고스트랩파우치키트(토스)(토스페이먼츠)227,굿즈명,,수기,0.00,보류,unmatched score=0.00 freq=1
로고스트랩파우치키트(토스)(토스페이먼츠)43,굿즈명,,수기,0.00,보류,unmatched score=0.00 freq=1
로지텍페블블루투스마우스1,굿즈명,,수기,0.00,보류,unmatched score=0.00 freq=2
로지텍페블블루투스마우스1),굿즈명,,수기,0.00,보류,unmatched score=0.00 freq=1
롤테이블 검정 파우치,굿즈명,,수기,0.00,보류,unmatched score=0.00 freq=1
롤테이블 무지,굿즈명,,수기,0.00,보류,unmatched score=0.00 freq=1
리갈패드100,굿즈명,,수기,0.00,보류,unmatched score=0.00 freq=1
리드200,굿즈명,,수기,0.00,보류,unmatched score=0.00 freq=1
리드50,굿즈명,,수기,0.00,보류,unmatched score=0.00 freq=1
리마커블 칫솔 살균기 샘플,굿즈명,,수기,0.00,보류,unmatched score=0.00 freq=1
리마커블살균기1,굿즈명,,수기,0.00,보류,unmatched score=0.00 freq=1
리마커블칫솔살균기,굿즈명,,수기,0.00,보류,unmatched score=0.00 freq=67
리마커블칫솔살균기 1) 3.27일 출고함,굿즈명,,수기,0.00,보류,unmatched score=0.00 freq=1
리마커블칫솔살균기1,굿즈명,,수기,0.00,보류,unmatched score=0.00 freq=1
리마커블칫솔살균기1),굿즈명,,수기,0.00,보류,unmatched score=0.00 freq=2
리마커블칫솔살균기2,굿즈명,,수기,0.00,보류,unmatched score=0.00 freq=2
리마커블칫솔살균기2),굿즈명,,수기,0.00,보류,unmatched score=0.00 freq=1
리마커블칫솘살균기1),굿즈명,,수기,0.00,보류,unmatched score=0.00 freq=1
리멤버탁상시계150,굿즈명,,수기,0.00,보류,unmatched score=0.00 freq=1
리본끈,굿즈명,,수기,0.00,보류,unmatched score=0.00 freq=1
리유저블캘린더 + 데코스티커,굿즈명,,수기,0.00,보류,unmatched score=0.00 freq=4
리유저블캘린더 내지,굿즈명,,수기,0.00,보류,unmatched score=0.00 freq=1
리유저블캘린더1,굿즈명,,수기,0.00,보류,unmatched score=0.00 freq=2
리유저블캘린더2),굿즈명,,수기,0.00,보류,unmatched score=0.00 freq=1
리유저블캘린더[무지],굿즈명,,수기,0.00,보류,unmatched score=0.00 freq=1
리유저블컵,굿즈명,,수기,0.00,보류,unmatched score=0.00 freq=2
리유저블컵3,굿즈명,,수기,0.00,보류,unmatched score=0.00 freq=1
리컵,굿즈명,,수기,0.00,보류,unmatched score=0.00 freq=1
리틀빅리유저블컵,굿즈명,,수기,0.00,보류,unmatched score=0.00 freq=19
리틀빅리유저블컵(메론그린),굿즈명,,수기,0.00,보류,unmatched score=0.00 freq=5
리틀빅리유저블컵(메론그린) 850+여분,굿즈명,,수기,0.00,보류,unmatched score=0.00 freq=1
리틀빅리유저블컵(반투명),굿즈명,,수기,0.00,보류,unmatched score=0.00 freq=1
리틀빅리유저블컵(반투명.아이보리),굿즈명,,수기,0.00,보류,unmatched score=0.00 freq=33
리틀빅리유저블컵(블루),굿즈명,,수기,0.00,보류,unmatched score=0.00 freq=3
리틀빅리유저블컵(블루.그린.옐로우.카키),굿즈명,,수기,0.00,보류,unmatched score=0.00 freq=13
리틀빅리유저블컵(아이보리,굿즈명,,수기,0.00,보류,unmatched score=0.00 freq=1
리틀빅리유저블컵(아이보리),굿즈명,,수기,0.00,보류,unmatched score=0.00 freq=5
리틀빅리유저블컵(아이보리) 850+여분,굿즈명,,수기,0.00,보류,unmatched score=0.00 freq=1
리틀빅리유저블컵(옐로우,굿즈명,,수기,0.00,보류,unmatched score=0.00 freq=1
리틀빅리유저블컵(옐로우),굿즈명,,수기,0.00,보류,unmatched score=0.00 freq=1
리틀빅리유저블컵(카키),굿즈명,,수기,0.00,보류,unmatched score=0.00 freq=1
리틀빅리유저블컵+인쇄,굿즈명,,수기,0.00,보류,unmatched score=0.00 freq=1
리틀빅리유저블컵1),굿즈명,,수기,0.00,보류,unmatched score=0.00 freq=4
리틀빅리유저블컵2,굿즈명,,수기,0.00,보류,unmatched score=0.00 freq=3
리틀빅리유저블컵2),굿즈명,,수기,0.00,보류,unmatched score=0.00 freq=2
리프레쉬고체치약3,굿즈명,,수기,0.00,보류,unmatched score=0.00 freq=1
리프레쉬고체치약세트,굿즈명,,수기,0.00,보류,unmatched score=0.00 freq=1
린넨메쉬스트링파우치,굿즈명,,수기,0.00,보류,unmatched score=0.00 freq=1
린넨메쉬파우치 + 라운드밤부칫솔 + 리프레쉬고체치약,굿즈명,,수기,0.00,보류,unmatched score=0.00 freq=1
린넨메쉬파우치 + 스탠드-업칫솔 + 리프레쉬고체치약,굿즈명,,수기,0.00,보류,unmatched score=0.00 freq=1
린넨메쉬파우치 키트,굿즈명,,수기,0.00,보류,unmatched score=0.00 freq=6
린넨메쉬파우치(칫솔+고체치약)SET,굿즈명,,수기,0.00,보류,unmatched score=0.00 freq=1
린넨파우치1,굿즈명,,수기,0.00,보류,unmatched score=0.00 freq=1
마그넷오프너100,굿즈명,,수기,0.00,보류,unmatched score=0.00 freq=1
마그넷오프너16,굿즈명,,수기,0.00,보류,unmatched score=0.00 freq=1
마그넷오프너200,굿즈명,,수기,0.00,보류,unmatched score=0.00 freq=1
마그넷오프너3,굿즈명,,수기,0.00,보류,unmatched score=0.00 freq=1
마그넷케이블홀더,굿즈명,,수기,0.00,보류,unmatched score=0.00 freq=1
마그넷케이블홀더 (1)1,굿즈명,,수기,0.00,보류,unmatched score=0.00 freq=1
마그넷케이블홀더 (2)1,굿즈명,,수기,0.00,보류,unmatched score=0.00 freq=1
마그넷케이블홀더 세트1,굿즈명,,수기,0.00,보류,unmatched score=0.00 freq=1
마대자루,굿즈명,,수기,0.00,보류,unmatched score=0.00 freq=1
마우스1,굿즈명,,수기,0.00,보류,unmatched score=0.00 freq=1
마우스패드2,굿즈명,,수기,0.00,보류,unmatched score=0.00 freq=1
마우스패드7,굿즈명,,수기,0.00,보류,unmatched score=0.00 freq=1
맞춤 클리커,굿즈명,,수기,0.00,보류,unmatched score=0.00 freq=1
매트블랙텀블러 + 슬리브,굿즈명,,수기,0.00,보류,unmatched score=0.00 freq=1
매트블랙텀블러 - 1509 (31박스),굿즈명,,수기,0.00,보류,unmatched score=0.00 freq=1
매트블랙텀블러 100(슬리브없음),굿즈명,,수기,0.00,보류,unmatched score=0.00 freq=1
매트블랙텀블러 170잔여분(매트블랙텀블러슬리브없음1),굿즈명,,수기,0.00,보류,unmatched score=0.00 freq=1
매트블랙텀블러 벌크,굿즈명,,수기,0.00,보류,unmatched score=0.00 freq=1
매트블랙텀블러1,굿즈명,,수기,0.00,보류,unmatched score=0.00 freq=5
매트블랙텀블러1),굿즈명,,수기,0.00,보류,unmatched score=0.00 freq=3
매트블랙텀블러1) * 1 중대대,굿즈명,,수기,0.00,보류,unmatched score=0.00 freq=1
매트블랙텀블러2,굿즈명,,수기,0.00,보류,unmatched score=0.00 freq=3
매트블랙텀블러2),굿즈명,,수기,0.00,보류,unmatched score=0.00 freq=2
매트블랙텀블러3,굿즈명,,수기,0.00,보류,unmatched score=0.00 freq=2
매트블랙텀블러[1카멜],굿즈명,,수기,0.00,보류,unmatched score=0.00 freq=1
매트블랙텀블러[라이트그레이],굿즈명,,수기,0.00,보류,unmatched score=0.00 freq=2
매트블랙텀블러[레드],굿즈명,,수기,0.00,보류,unmatched score=0.00 freq=2
매트블랙텀블러[블루],굿즈명,,수기,0.00,보류,unmatched score=0.00 freq=2
매트블랙텀블러[카라멜],굿즈명,,수기,0.00,보류,unmatched score=0.00 freq=2
매트블랙텀블러그레이,굿즈명,,수기,0.00,보류,unmatched score=0.00 freq=1
매트블랙텀블러그린,굿즈명,,수기,0.00,보류,unmatched score=0.00 freq=1
매트블랙텀블러브라운,굿즈명,,수기,0.00,보류,unmatched score=0.00 freq=1
매트블랙텀블러블루50,굿즈명,,수기,0.00,보류,unmatched score=0.00 freq=1
매트블랙텀블러핑크50,굿즈명,,수기,0.00,보류,unmatched score=0.00 freq=1
머그2개),굿즈명,,수기,0.00,보류,unmatched score=0.00 freq=1
머그용 지지박스,굿즈명,,수기,0.00,보류,unmatched score=0.00 freq=1
머그컵,굿즈명,,수기,0.00,보류,unmatched score=0.00 freq=1
머그컵1,굿즈명,,수기,0.00,보류,unmatched score=0.00 freq=1
머그컵1),굿즈명,,수기,0.00,보류,unmatched score=0.00 freq=1
머그컵2),굿즈명,,수기,0.00,보류,unmatched score=0.00 freq=1
멀티충전 스티커 (레드),굿즈명,,수기,0.00,보류,unmatched score=0.00 freq=1
멀티충전스테이션1,굿즈명,,수기,0.00,보류,unmatched score=0.00 freq=1
메뉴얼,굿즈명,,수기,0.00,보류,unmatched score=0.00 freq=2
메뉴얼),굿즈명,,수기,0.00,보류,unmatched score=0.00 freq=1
메뉴얼12),굿즈명,,수기,0.00,보류,unmatched score=0.00 freq=1
메뉴얼5,굿즈명,,수기,0.00,보류,unmatched score=0.00 freq=1
메세지스트랩+인쇄1,굿즈명,,수기,0.00,보류,unmatched score=0.00 freq=1
메세지스트랩100,굿즈명,,수기,0.00,보류,unmatched score=0.00 freq=1
메세지스트랩65+여유분,굿즈명,,수기,0.00,보류,unmatched score=0.00 freq=1
메시지 캐리어 파우치 키트,굿즈명,LSPH,유사,0.40,보류,jaccard score=0.40 freq=1
메시지캐리어파우치[메탈그레이],굿즈명,,수기,0.00,보류,unmatched score=0.00 freq=3
메시지캐리어파우치[블랙,굿즈명,,수기,0.00,보류,unmatched score=0.00 freq=1
메시지캐리어파우치[블랙],굿즈명,,수기,0.00,보류,unmatched score=0.00 freq=1
메시지캐리어파우치[색상1],굿즈명,,수기,0.00,보류,unmatched score=0.00 freq=1
메시지캐리어파우치[색상2],굿즈명,,수기,0.00,보류,unmatched score=0.00 freq=1
메시지캐리어파우치[색상3],굿즈명,,수기,0.00,보류,unmatched score=0.00 freq=1
메시지캐리어파우치[실버],굿즈명,,수기,0.00,보류,unmatched score=0.00 freq=2
메시지캐리어파우치매트블랙,굿즈명,,수기,0.00,보류,unmatched score=0.00 freq=1
메시지캐리어파우치메탈그레이,굿즈명,,수기,0.00,보류,unmatched score=0.00 freq=1
메시지캐리어파우치블랙150,굿즈명,,수기,0.00,보류,unmatched score=0.00 freq=1
메시지캐리어파우치실버150,굿즈명,,수기,0.00,보류,unmatched score=0.00 freq=1
메시지캐리어파우치키트,굿즈명,,수기,0.00,보류,unmatched score=0.00 freq=2
메시지캐리어파우치키트300,굿즈명,,수기,0.00,보류,unmatched score=0.00 freq=1
메시지케리어파우치2),굿즈명,,수기,0.00,보류,unmatched score=0.00 freq=1
메트블랙텀블러 재임가공,굿즈명,,수기,0.00,보류,unmatched score=0.00 freq=1
명함지갑1,굿즈명,,수기,0.00,보류,unmatched score=0.00 freq=5
명함지갑1),굿즈명,,수기,0.00,보류,unmatched score=0.00 freq=4
명함지갑100,굿즈명,,수기,0.00,보류,unmatched score=0.00 freq=1
명함지갑2,굿즈명,,수기,0.00,보류,unmatched score=0.00 freq=1
명함지갑3),굿즈명,,수기,0.00,보류,unmatched score=0.00 freq=1
명함홀더1),굿즈명,,수기,0.00,보류,unmatched score=0.00 freq=1
모던 스텐머그,굿즈명,,수기,0.00,보류,unmatched score=0.00 freq=1
모먼트골드스파클,굿즈명,,수기,1.00,보류,jaccard score=1.00 freq=3
모먼트일회용카메라 + 개별외박스 + 스티커,굿즈명,,수기,0.00,보류,unmatched score=0.00 freq=2
모바일 오피스파우치1),굿즈명,,수기,0.00,보류,unmatched score=0.00 freq=1
모바일오피스파우치 벌크,굿즈명,,수기,0.00,보류,unmatched score=0.00 freq=1
모바일오피스파우치 샘플,굿즈명,,수기,0.00,보류,unmatched score=0.00 freq=1
모바일오피스파우치 키트,굿즈명,,수기,0.00,보류,unmatched score=0.00 freq=2
모바일오피스파우치1,굿즈명,,수기,0.00,보류,unmatched score=0.00 freq=2
모바일오피스파우치2.0 키트,굿즈명,,수기,0.00,보류,unmatched score=0.00 freq=1
모바일오피스파우치키트230,굿즈명,,수기,0.00,보류,unmatched score=0.00 freq=1
모션박스조립샘플,굿즈명,,수기,0.00,보류,unmatched score=0.00 freq=1
모션스탠다드박스 커버 - 1523 (1박스),굿즈명,,수기,0.00,보류,unmatched score=0.00 freq=1
모션스탠다드박스_커버,굿즈명,,수기,0.00,보류,unmatched score=0.00 freq=1
모션스탠다드박스_커버(Tower),굿즈명,,수기,0.00,보류,unmatched score=0.00 freq=1
모션스탠드 박스 커버 (벌크),굿즈명,,수기,0.00,보류,unmatched score=0.00 freq=1
모션스탠드박스(벌크),굿즈명,,수기,0.00,보류,unmatched score=0.00 freq=1
모션슬리브박스 키트26(카다로그없음),굿즈명,,수기,0.00,보류,unmatched score=0.00 freq=1
모션슬리브박스 키트82,굿즈명,,수기,0.00,보류,unmatched score=0.00 freq=1
모이스트듀얼가습기 스티커,굿즈명,,수기,0.00,보류,unmatched score=0.00 freq=1
몰스킨2026다이어리+캘린더 set,굿즈명,,수기,0.00,보류,unmatched score=0.00 freq=1
몰스킨데일리노트 키트,굿즈명,,수기,0.00,보류,unmatched score=0.00 freq=1
몰스킨데일리노트+데코스티커,굿즈명,,수기,0.00,보류,unmatched score=0.00 freq=1
무지 캠핑체어(베이지),굿즈명,,수기,0.00,보류,unmatched score=0.00 freq=1
미니가든 피규어 세트(블럭화분,굿즈명,BRPH,유사,0.40,보류,jaccard score=0.40 freq=1
미니가든 피규어 세트샘플,굿즈명,,수기,0.00,보류,unmatched score=0.00 freq=1
미니가든피규어세트,굿즈명,,수기,0.00,보류,unmatched score=0.00 freq=4
미니가든피규어세트+ 브랜디드피규어,굿즈명,,수기,0.00,보류,unmatched score=0.00 freq=9
미니멀 무충마패,굿즈명,,수기,0.00,보류,unmatched score=0.00 freq=1
미니멀 스텐머그 +인쇄 (1)1,굿즈명,,수기,0.00,보류,unmatched score=0.00 freq=1
미니멀 스텐머그 +인쇄 (2)1,굿즈명,,수기,0.00,보류,unmatched score=0.00 freq=1
미니멀 스텐머그100,굿즈명,,수기,0.00,보류,unmatched score=0.00 freq=1
미니멀머그1,굿즈명,,수기,0.00,보류,unmatched score=0.00 freq=1
미니멀무선충전,굿즈명,,수기,0.00,보류,unmatched score=0.00 freq=1
미니멀무선충전 마우스패드,굿즈명,,수기,0.00,보류,unmatched score=0.00 freq=1
미니멀무충3,굿즈명,,수기,0.00,보류,unmatched score=0.00 freq=1
미니멀스탠머그,굿즈명,,수기,0.00,보류,unmatched score=0.00 freq=2
미니스토어피규어세트 + 브랜디드피규어,굿즈명,,수기,0.00,보류,unmatched score=0.00 freq=2
미디어랩A(즐겨봐박스,굿즈명,,수기,0.00,보류,unmatched score=0.00 freq=1
미디어텍(즐겨봐박스,굿즈명,,수기,0.00,보류,unmatched score=0.00 freq=1
미러클랩(즐겨봐박스3),굿즈명,,수기,0.00,보류,unmatched score=0.00 freq=1
미르1),굿즈명,,수기,0.00,보류,unmatched score=0.00 freq=1
미르텀블러,굿즈명,,수기,0.00,보류,unmatched score=0.00 freq=3
미르텀블러+인쇄,굿즈명,,수기,0.00,보류,unmatched score=0.00 freq=2
미르텀블러1,굿즈명,,수기,0.00,보류,unmatched score=0.00 freq=3
미르텀블러1),굿즈명,,수기,0.00,보류,unmatched score=0.00 freq=2
미르텀블러미포함 (B),굿즈명,,수기,0.00,보류,unmatched score=0.00 freq=1
미르텀블러포함 (A),굿즈명,,수기,0.00,보류,unmatched score=0.00 freq=1
미스트보틀1,굿즈명,,수기,0.00,보류,unmatched score=0.00 freq=1
미스트보틀1),굿즈명,,수기,0.00,보류,unmatched score=0.00 freq=1
미스트보틀2),굿즈명,,수기,0.00,보류,unmatched score=0.00 freq=2
미스트워터보틀 100:PNA36660-스너그라운드 키트구성,굿즈명,,수기,0.00,보류,unmatched score=0.00 freq=1
미스트워터보틀 143+(스티커X)9,굿즈명,,수기,0.00,보류,unmatched score=0.00 freq=1
미스트워터보틀 [핑크],굿즈명,,수기,0.00,보류,unmatched score=0.00 freq=1
미스트워터보틀 [화이트],굿즈명,,수기,0.00,보류,unmatched score=0.00 freq=1
미스트워터보틀 박스,굿즈명,,수기,0.00,보류,unmatched score=0.00 freq=1
미스트워터보틀 보수,굿즈명,,수기,0.00,보류,unmatched score=0.00 freq=1
미스트워터보틀 불량 판정,굿즈명,,수기,0.00,보류,unmatched score=0.00 freq=1
미스트워터보틀 스티커 (그린) -,굿즈명,,수기,0.00,보류,unmatched score=0.00 freq=1
미스트워터보틀 스티커 (베이지) -,굿즈명,,수기,0.00,보류,unmatched score=0.00 freq=1
미스트워터보틀 스티커 (보라) -,굿즈명,,수기,0.00,보류,unmatched score=0.00 freq=1
미스트워터보틀 스티커 (블랙) -,굿즈명,,수기,0.00,보류,unmatched score=0.00 freq=1
미스트워터보틀 스티커 (블루) -,굿즈명,,수기,0.00,보류,unmatched score=0.00 freq=1
미스트워터보틀 스티커 (빨강) -,굿즈명,,수기,0.00,보류,unmatched score=0.00 freq=1
미스트워터보틀 스티커 (소라) -,굿즈명,,수기,0.00,보류,unmatched score=0.00 freq=1
미스트워터보틀 스티커 (연보라) -,굿즈명,,수기,0.00,보류,unmatched score=0.00 freq=1
미스트워터보틀 스티커 (핑크) -,굿즈명,,수기,0.00,보류,unmatched score=0.00 freq=1
미스트워터보틀1,굿즈명,,수기,0.00,보류,unmatched score=0.00 freq=2
미스트워터보틀1),굿즈명,,수기,0.00,보류,unmatched score=0.00 freq=1
미스트워터보틀[리제],굿즈명,,수기,0.00,보류,unmatched score=0.00 freq=1
미스트워터보틀[린],굿즈명,,수기,0.00,보류,unmatched score=0.00 freq=1
미스트워터보틀[마시로],굿즈명,,수기,0.00,보류,unmatched score=0.00 freq=1
미스트워터보틀[시부키],굿즈명,,수기,0.00,보류,unmatched score=0.00 freq=1
미스트워터보틀[타비],굿즈명,,수기,0.00,보류,unmatched score=0.00 freq=1
밀크에코컵 (1)1,굿즈명,,수기,0.00,보류,unmatched score=0.00 freq=1
밀크에코컵 (2)1,굿즈명,,수기,0.00,보류,unmatched score=0.00 freq=1
바닥지,굿즈명,,수기,0.00,보류,unmatched score=0.00 freq=3
바닥지200,굿즈명,,수기,0.00,보류,unmatched score=0.00 freq=1
바닥지75,굿즈명,,수기,0.00,보류,unmatched score=0.00 freq=1
바디,굿즈명,,수기,0.00,보류,unmatched score=0.00 freq=1
바스켓리드(오트밀)인쇄 불량,굿즈명,,수기,0.00,보류,unmatched score=0.00 freq=1
바스켓바디200,굿즈명,,수기,0.00,보류,unmatched score=0.00 freq=1
바이브캠핑쿨러 박스 (벌크),굿즈명,,수기,0.00,보류,unmatched score=0.00 freq=1
바이브캠핑쿨러 키트,굿즈명,,수기,0.00,보류,unmatched score=0.00 freq=2
박스,굿즈명,,수기,0.00,보류,unmatched score=0.00 freq=2
박스 슬리브,굿즈명,,수기,0.00,보류,unmatched score=0.00 freq=1
박스10),굿즈명,,수기,0.00,보류,unmatched score=0.00 freq=1
박스70,굿즈명,,수기,0.00,보류,unmatched score=0.00 freq=1
반투명 웰컴페이퍼 각,굿즈명,,수기,0.00,보류,unmatched score=0.00 freq=1
받침 잔여분,굿즈명,,수기,0.00,보류,unmatched score=0.00 freq=1
밤부칫솔5,굿즈명,,수기,0.00,보류,unmatched score=0.00 freq=1
밤부칫솔5),굿즈명,,수기,0.00,보류,unmatched score=0.00 freq=1
방석3,굿즈명,,수기,0.00,보류,unmatched score=0.00 freq=1
방향제1),굿즈명,,수기,0.00,보류,unmatched score=0.00 freq=1
배경지,굿즈명,,수기,0.00,보류,unmatched score=0.00 freq=3
배경지(헬로카드형USB),굿즈명,,수기,0.00,보류,unmatched score=0.00 freq=1
배경지140,굿즈명,,수기,0.00,보류,unmatched score=0.00 freq=1
배경지150,굿즈명,,수기,0.00,보류,unmatched score=0.00 freq=1
배경지200,굿즈명,,수기,0.00,보류,unmatched score=0.00 freq=1
배경지210,굿즈명,,수기,0.00,보류,unmatched score=0.00 freq=1
배경지325실버팩325,굿즈명,,수기,0.00,보류,unmatched score=0.00 freq=4
배류보드다이어리2,굿즈명,,수기,0.00,보류,unmatched score=0.00 freq=1
배터리1,굿즈명,,수기,0.00,보류,unmatched score=0.00 freq=1
밴드,굿즈명,,수기,0.00,보류,unmatched score=0.00 freq=2
밸류마우스패드,굿즈명,,수기,1.00,보류,jaccard score=1.00 freq=3
밸류메모2,굿즈명,,수기,0.00,보류,unmatched score=0.00 freq=1
밸류메모4,굿즈명,,수기,0.00,보류,unmatched score=0.00 freq=1
밸류메모지1,굿즈명,,수기,0.00,보류,unmatched score=0.00 freq=2
밸류메모지14),굿즈명,,수기,0.00,보류,unmatched score=0.00 freq=1
밸류메모지2,굿즈명,,수기,0.00,보류,unmatched score=0.00 freq=1
밸류메모지2),굿즈명,,수기,0.00,보류,unmatched score=0.00 freq=2
밸류메모지3),굿즈명,,수기,0.00,보류,unmatched score=0.00 freq=1
밸류메모지5,굿즈명,,수기,0.00,보류,unmatched score=0.00 freq=1
밸류무선충전마우스패드1,굿즈명,,수기,0.00,보류,unmatched score=0.00 freq=2
밸류무선충전마우스패드[다크그레이_b1],굿즈명,,수기,0.00,보류,unmatched score=0.00 freq=4
밸류무선충전마우스패드[딥그린_b3],굿즈명,,수기,0.00,보류,unmatched score=0.00 freq=4
밸류무선충전마우스패드[라이트그레이_b2],굿즈명,,수기,0.00,보류,unmatched score=0.00 freq=4
밸류무선충전마우스패드[브라운_b4],굿즈명,,수기,0.00,보류,unmatched score=0.00 freq=4
밸류보드다이어리(표준,굿즈명,,수기,0.00,보류,unmatched score=0.00 freq=3
밸류보드다이어리+인쇄,굿즈명,,수기,0.00,보류,unmatched score=0.00 freq=1
밸류보드다이어리2),굿즈명,,수기,0.00,보류,unmatched score=0.00 freq=1
밸류보드다이어리4),굿즈명,,수기,0.00,보류,unmatched score=0.00 freq=1
밸류큐브3,굿즈명,,수기,0.00,보류,unmatched score=0.00 freq=1
뱀부칫솔2,굿즈명,,수기,0.00,보류,unmatched score=0.00 freq=1
뱃지 단품,굿즈명,,수기,0.00,보류,unmatched score=0.00 freq=1
버티컬무선충전패드+인쇄,굿즈명,,수기,0.00,보류,unmatched score=0.00 freq=6
버티컬무선충전패드1,굿즈명,,수기,0.00,보류,unmatched score=0.00 freq=2
버티컬무선충전패드1),굿즈명,,수기,0.00,보류,unmatched score=0.00 freq=5
버티컬무선충전패드2,굿즈명,,수기,0.00,보류,unmatched score=0.00 freq=2
버티컬무충1),굿즈명,,수기,0.00,보류,unmatched score=0.00 freq=1
버티컬무충2,굿즈명,,수기,0.00,보류,unmatched score=0.00 freq=1
버티컬무충패드1),굿즈명,,수기,0.00,보류,unmatched score=0.00 freq=3
버티컬무충패드2,굿즈명,,수기,0.00,보류,unmatched score=0.00 freq=1
버티컬무충패드2),굿즈명,,수기,0.00,보류,unmatched score=0.00 freq=1
버티컬무충패드3개),굿즈명,,수기,0.00,보류,unmatched score=0.00 freq=1
버티컬충전기1,굿즈명,,수기,0.00,보류,unmatched score=0.00 freq=1
벌크,굿즈명,,수기,0.00,보류,unmatched score=0.00 freq=1
벌크(리드 바디 별도)),굿즈명,,수기,0.00,보류,unmatched score=0.00 freq=1
"베이직도킹형보조배터리 200""",굿즈명,,수기,0.00,보류,unmatched score=0.00 freq=1
베이직도킹형보조배터리 2000(여분),굿즈명,,수기,0.00,보류,unmatched score=0.00 freq=1
베이직도킹형보조배터리1,굿즈명,,수기,0.00,보류,unmatched score=0.00 freq=2
베이직도킹형보조배터리1 ),굿즈명,,수기,0.00,보류,unmatched score=0.00 freq=1
베이직도킹형보조배터리100,굿즈명,,수기,0.00,보류,unmatched score=0.00 freq=1
베이직무선충전마우스패드1,굿즈명,,수기,0.00,보류,unmatched score=0.00 freq=1
베이직무선충전마우스패드50,굿즈명,,수기,0.00,보류,unmatched score=0.00 freq=1
베케이션여권케이션,굿즈명,,수기,0.00,보류,unmatched score=0.00 freq=1
베케이션여권케이스 스탠다드 박스300,굿즈명,SOLC,유사,0.40,보류,jaccard score=0.40 freq=1
베케이션여권케이스+인쇄,굿즈명,,수기,0.00,보류,unmatched score=0.00 freq=2
베케이션여권케이스1,굿즈명,,수기,0.00,보류,unmatched score=0.00 freq=1
베케이션여권케이스1),굿즈명,,수기,0.00,보류,unmatched score=0.00 freq=1
변섭 PL(25),굿즈명,,수기,0.00,보류,unmatched score=0.00 freq=1
보냉키트 백+커스텀 외박스,굿즈명,,수기,0.00,보류,unmatched score=0.00 freq=3
보냉키트백+신시어리외박스,굿즈명,,수기,0.00,보류,unmatched score=0.00 freq=3
보도본부(즐겨봐박스,굿즈명,,수기,0.00,보류,unmatched score=0.00 freq=1
보조배터리 C타입)50,굿즈명,,수기,0.00,보류,unmatched score=0.00 freq=1
보틀1,굿즈명,,수기,0.00,보류,unmatched score=0.00 freq=1
볼마커,굿즈명,,수기,0.00,보류,unmatched score=0.00 freq=1
볼마커 3종 세트,굿즈명,,수기,0.00,보류,unmatched score=0.00 freq=1
볼마커 세트,굿즈명,,수기,0.00,보류,unmatched score=0.00 freq=5
볼마커3종110,굿즈명,,수기,0.00,보류,unmatched score=0.00 freq=1
볼캡 스티커,굿즈명,,수기,0.00,보류,unmatched score=0.00 freq=2
부속품1,굿즈명,,수기,0.00,보류,unmatched score=0.00 freq=1
북스토어2),굿즈명,,수기,0.00,보류,unmatched score=0.00 freq=1
분할 출고,굿즈명,,수기,0.00,보류,unmatched score=0.00 freq=1
불량 쿨러백,굿즈명,,수기,0.00,보류,unmatched score=0.00 freq=1
불박(매트블랙 텀블러_가죽슬리브),굿즈명,,수기,0.00,보류,unmatched score=0.00 freq=1
불박(시그니처다이어리),굿즈명,,수기,0.00,보류,unmatched score=0.00 freq=1
브랜드단우산300,굿즈명,,수기,0.00,보류,unmatched score=0.00 freq=1
브랜드스트랩단우산 재임가공,굿즈명,,수기,0.00,보류,unmatched score=0.00 freq=1
브랜드스트랩단우산그린,굿즈명,,수기,0.00,보류,unmatched score=0.00 freq=1
브랜드스트랩단우산블랙,굿즈명,,수기,0.00,보류,unmatched score=0.00 freq=1
브랜드스트랩단우산옐로우100,굿즈명,,수기,0.00,보류,unmatched score=0.00 freq=1
브랜드잇1,굿즈명,,수기,0.00,보류,unmatched score=0.00 freq=5
브랜드잇1),굿즈명,,수기,0.00,보류,unmatched score=0.00 freq=9
브랜드잇100,굿즈명,,수기,0.00,보류,unmatched score=0.00 freq=3
브랜드잇2,굿즈명,,수기,0.00,보류,unmatched score=0.00 freq=9
브랜드잇2),굿즈명,,수기,0.00,보류,unmatched score=0.00 freq=2
브랜드잇3,굿즈명,,수기,0.00,보류,unmatched score=0.00 freq=4
브랜드잇3),굿즈명,,수기,0.00,보류,unmatched score=0.00 freq=3
브랜드잇5,굿즈명,,수기,0.00,보류,unmatched score=0.00 freq=2
브랜드잇7),굿즈명,,수기,0.00,보류,unmatched score=0.00 freq=1
브랜드잇내지2종,굿즈명,,수기,0.00,보류,unmatched score=0.00 freq=1
브랜드팝클리어키링33,굿즈명,,수기,0.00,보류,unmatched score=0.00 freq=1
브랜드팝키링,굿즈명,,수기,0.00,보류,unmatched score=0.00 freq=3
브랜드피규어,굿즈명,,수기,0.00,보류,unmatched score=0.00 freq=1
브랜드피규어+카드트레이피규어세트3,굿즈명,,수기,0.00,보류,unmatched score=0.00 freq=1
브랜디드 노트북,굿즈명,,수기,0.00,보류,unmatched score=0.00 freq=2
브랜디드 타월 키트,굿즈명,,수기,0.67,보류,jaccard score=0.67 freq=2
브랜디드 타월키트,굿즈명,,수기,0.00,보류,unmatched score=0.00 freq=1
브랜디드노트북백 키트,굿즈명,,수기,0.00,보류,unmatched score=0.00 freq=6
브랜디드노트북백(PD충전기+킵세이프마그넷배터리),굿즈명,PUPD,유사,0.40,보류,jaccard score=0.40 freq=1
브랜디드노트북백(stock)+글로시키링,굿즈명,,수기,0.00,보류,unmatched score=0.00 freq=1
브랜디드노트북백100,굿즈명,,수기,0.00,보류,unmatched score=0.00 freq=1
브랜디드타월,굿즈명,,수기,1.00,보류,jaccard score=1.00 freq=47
브랜디드타월 (2개입),굿즈명,,수기,0.50,보류,jaccard score=0.50 freq=1
브랜디드타월 키트,굿즈명,,수기,0.50,보류,jaccard score=0.50 freq=2
브랜디드타월300,굿즈명,,수기,1.00,보류,jaccard score=1.00 freq=1
브랜디드피규어  + 카드트레이피규어세트,굿즈명,,수기,0.00,보류,unmatched score=0.00 freq=1
브랜디드피규어 (1)1,굿즈명,,수기,0.00,보류,unmatched score=0.00 freq=1
브랜디드피규어 (2)1,굿즈명,,수기,0.00,보류,unmatched score=0.00 freq=1
브랜디드피규어 (3)1,굿즈명,,수기,0.00,보류,unmatched score=0.00 freq=1
브랜디드피규어 + 디스플레이피규어세트,굿즈명,,수기,0.00,보류,unmatched score=0.00 freq=1
브랜디드피규어 + 미니스토어피규어세트,굿즈명,,수기,0.00,보류,unmatched score=0.00 freq=1
브랜디드피규어 + 주차번호판피규어세트,굿즈명,,수기,0.00,보류,unmatched score=0.00 freq=1
브랜디드피규어 + 카드트레이피규어세트,굿즈명,,수기,0.00,보류,unmatched score=0.00 freq=2
브랜디드피규어(카드트레이피규어세트)1,굿즈명,,수기,0.00,보류,unmatched score=0.00 freq=1
브랜디드피규어(키링)30,굿즈명,,수기,0.00,보류,unmatched score=0.00 freq=1
브랜디드피규어+ 주차번호판피규어세트,굿즈명,,수기,0.00,보류,unmatched score=0.00 freq=5
브랜디드피규어+ 카드트레이세트,굿즈명,,수기,0.00,보류,unmatched score=0.00 freq=1
브랜디드피규어+디스플레이피규어세트,굿즈명,,수기,0.00,보류,unmatched score=0.00 freq=1
브랜디드피규어1),굿즈명,,수기,0.00,보류,unmatched score=0.00 freq=2
브랜디드피규어150,굿즈명,,수기,0.00,보류,unmatched score=0.00 freq=1
브랜디드피규어2,굿즈명,,수기,0.00,보류,unmatched score=0.00 freq=1
브랜디드피규어2 ),굿즈명,,수기,0.00,보류,unmatched score=0.00 freq=1
브랜디드피규어3),굿즈명,,수기,0.00,보류,unmatched score=0.00 freq=1
브랜디드피규어313,굿즈명,,수기,0.00,보류,unmatched score=0.00 freq=1
브랜디드피규어[남],굿즈명,,수기,0.00,보류,unmatched score=0.00 freq=2
브랜디드피규어[여],굿즈명,,수기,0.00,보류,unmatched score=0.00 freq=3
브랜디드피규어키링갓,굿즈명,,수기,0.00,보류,unmatched score=0.00 freq=1
브랜디파이핸드스트랩 10080+여분,굿즈명,,수기,0.00,보류,unmatched score=0.00 freq=1
브랜디파이핸드스트랩+인쇄,굿즈명,,수기,0.00,보류,unmatched score=0.00 freq=4
브랜딩택,굿즈명,,수기,0.00,보류,unmatched score=0.00 freq=2
브랜딩택+띠지 임가공완료,굿즈명,,수기,0.00,보류,unmatched score=0.00 freq=1
브릭메모 &캘린더 스탠드 세트,굿즈명,,수기,0.00,보류,unmatched score=0.00 freq=1
브릭메모 캘린더 세트,굿즈명,,수기,0.00,보류,unmatched score=0.00 freq=1
브릭메모 캘린더 스탠드,굿즈명,,수기,0.00,보류,unmatched score=0.00 freq=2
브릭메모 캘린더 스탠드 세트,굿즈명,,수기,0.00,보류,unmatched score=0.00 freq=1
브릭메모&캘린더 스탠드 키트,굿즈명,,수기,0.00,보류,unmatched score=0.00 freq=1
브릭메모&캘린더스탠드 A1,굿즈명,,수기,0.00,보류,unmatched score=0.00 freq=1
브릭메모&캘린더스탠드 A2,굿즈명,,수기,0.00,보류,unmatched score=0.00 freq=1
브릭메모&캘린더스탠드 set,굿즈명,,수기,0.00,보류,unmatched score=0.00 freq=1
브릭메모&캘린더스탠드 세트,굿즈명,,수기,0.00,보류,unmatched score=0.00 freq=5
브릭메모&캘린더스탠드 키트,굿즈명,,수기,0.00,보류,unmatched score=0.00 freq=2
브릭메모&캘린더스탠드2.0,굿즈명,,수기,0.00,보류,unmatched score=0.00 freq=1
브릭메모&캘린더스탠드2.0 1),굿즈명,,수기,0.00,보류,unmatched score=0.00 freq=1
브릭메모&캘린더스탠드2.0(브랜디드피규어),굿즈명,,수기,0.00,보류,unmatched score=0.00 freq=1
브릭메모&캘린더스탠드2.01,굿즈명,,수기,0.00,보류,unmatched score=0.00 freq=1
브릭스탠드멀티충전기,굿즈명,,수기,1.00,보류,jaccard score=1.00 freq=8
브릭스탠드멀티충전스테이션 +브랜디드피규어,굿즈명,,수기,0.00,보류,unmatched score=0.00 freq=1
브릭스탠드멀티충전스테이션 키트,굿즈명,,수기,0.00,보류,unmatched score=0.00 freq=2
브릭스탠드멀티충전스테이션 패드,굿즈명,,수기,0.00,보류,unmatched score=0.00 freq=1
브릭스탠드멀티충전스테이션 패드1,굿즈명,,수기,0.00,보류,unmatched score=0.00 freq=1
브릭스탠드멀티충전스테이션100,굿즈명,,수기,0.00,보류,unmatched score=0.00 freq=1
브릭스탠드멀티충전스테이션키트300,굿즈명,,수기,0.00,보류,unmatched score=0.00 freq=1
브링유어커1,굿즈명,,수기,0.00,보류,unmatched score=0.00 freq=1
브링유어컵텀블러+인쇄,굿즈명,,수기,0.00,보류,unmatched score=0.00 freq=1
브링유어텀블러2,굿즈명,,수기,0.00,보류,unmatched score=0.00 freq=1
블랙 커스텀 단상자,굿즈명,,수기,0.00,보류,unmatched score=0.00 freq=1
블랙랙브랜드스트랩단우산,굿즈명,,수기,0.00,보류,unmatched score=0.00 freq=1
블랙쇼핑백50,굿즈명,,수기,0.00,보류,unmatched score=0.00 freq=1
블랙수트,굿즈명,,수기,0.00,보류,unmatched score=0.00 freq=2
블루투스키보드 (유광블랙),굿즈명,,수기,0.00,보류,unmatched score=0.00 freq=1
블루펜,굿즈명,,수기,0.00,보류,unmatched score=0.00 freq=1
블리스터200,굿즈명,,수기,0.00,보류,unmatched score=0.00 freq=1
비누용 브랜딩텍+비누망 -,굿즈명,,수기,0.00,보류,unmatched score=0.00 freq=1
비닐 OPP,굿즈명,,수기,0.00,보류,unmatched score=0.00 freq=1
비스포크(스티커),굿즈명,,수기,0.00,보류,unmatched score=0.00 freq=1
비치타올,굿즈명,,수기,0.00,보류,unmatched score=0.00 freq=1
비치타올1,굿즈명,,수기,0.00,보류,unmatched score=0.00 freq=1
"비치타월 1개""",굿즈명,,수기,0.00,보류,unmatched score=0.00 freq=1
비치타월 라벨 오부착,굿즈명,,수기,0.00,보류,unmatched score=0.00 freq=1
비치타월+인쇄,굿즈명,,수기,0.00,보류,unmatched score=0.00 freq=11
뽁뽁이 각,굿즈명,,수기,0.00,보류,unmatched score=0.00 freq=1
뽁뽁이봉투50,굿즈명,,수기,0.00,보류,unmatched score=0.00 freq=1
사각 스티커,굿즈명,,수기,0.00,보류,unmatched score=0.00 freq=1
사각스티커,굿즈명,,수기,0.00,보류,unmatched score=0.00 freq=21
사각스티커 (벌크),굿즈명,,수기,0.00,보류,unmatched score=0.00 freq=1
사각스티커 -,굿즈명,,수기,0.00,보류,unmatched score=0.00 freq=1
사각스티커(커스텀인쇄)_화이트,굿즈명,,수기,0.00,보류,unmatched score=0.00 freq=1
사각스티커100,굿즈명,,수기,0.00,보류,unmatched score=0.00 freq=2
사각스티커1000,굿즈명,,수기,0.00,보류,unmatched score=0.00 freq=1
사각스티커200,굿즈명,,수기,0.00,보류,unmatched score=0.00 freq=1
사각스티커300,굿즈명,,수기,0.00,보류,unmatched score=0.00 freq=1
사각스티커50,굿즈명,,수기,0.00,보류,unmatched score=0.00 freq=2
사각스티커500,굿즈명,,수기,0.00,보류,unmatched score=0.00 freq=1
사원증1,굿즈명,,수기,0.00,보류,unmatched score=0.00 freq=2
사원증1),굿즈명,,수기,0.00,보류,unmatched score=0.00 freq=1
사원증4,굿즈명,,수기,0.00,보류,unmatched score=0.00 freq=1
사파리만년필+인쇄,굿즈명,,수기,0.00,보류,unmatched score=0.00 freq=3
사파리볼펜,굿즈명,,수기,0.00,보류,unmatched score=0.00 freq=4
사파리볼펜+인쇄,굿즈명,,수기,0.00,보류,unmatched score=0.00 freq=1
상생 클리커,굿즈명,,수기,0.00,보류,unmatched score=0.00 freq=1
상토,굿즈명,,수기,0.00,보류,unmatched score=0.00 freq=1
상판,굿즈명,,수기,0.00,보류,unmatched score=0.00 freq=1
상패+아크릴 opp,굿즈명,,수기,0.00,보류,unmatched score=0.00 freq=3
샘플,굿즈명,,수기,0.00,보류,unmatched score=0.00 freq=22
샘플 -,굿즈명,,수기,0.00,보류,unmatched score=0.00 freq=1
샘플_교정용무선제본(내추럴노트),굿즈명,,수기,0.00,보류,unmatched score=0.00 freq=2
샘플_교정용무선제본(내추럴노트) 1+ 내추럴노트1,굿즈명,,수기,0.00,보류,unmatched score=0.00 freq=1
샘플_교정용무선제본(레더스킨다이어리),굿즈명,,수기,0.00,보류,unmatched score=0.00 freq=6
샘플_교정용무선제본(레더스킨다이어리)  -,굿즈명,,수기,0.00,보류,unmatched score=0.00 freq=1
샘플_교정용무선제본(슬로건다이어리),굿즈명,,수기,0.00,보류,unmatched score=0.00 freq=8
샘플_교정용무선제본(슬로건다이어리) 내지+표지+페이퍼링캘린더1,굿즈명,,수기,0.00,보류,unmatched score=0.00 freq=1
샘플실 물건,굿즈명,,수기,0.00,보류,unmatched score=0.00 freq=1
생분해펄프화분,굿즈명,,수기,0.00,보류,unmatched score=0.00 freq=1
생분해펄프화분(전용)_브라운1000,굿즈명,,수기,0.00,보류,unmatched score=0.00 freq=1
샤쉐1),굿즈명,,수기,0.00,보류,unmatched score=0.00 freq=1
샤쉐2),굿즈명,,수기,0.00,보류,unmatched score=0.00 freq=1
샤쉐향(골든뱀부),굿즈명,,수기,0.00,보류,unmatched score=0.00 freq=1
서류동봉2,굿즈명,,수기,0.00,보류,unmatched score=0.00 freq=1
서울성동,굿즈명,,수기,0.00,보류,unmatched score=0.00 freq=2
설명서250,굿즈명,,수기,0.00,보류,unmatched score=0.00 freq=1
설명서8,굿즈명,,수기,0.00,보류,unmatched score=0.00 freq=1
성수,굿즈명,,수기,0.00,보류,unmatched score=0.00 freq=1
성훈 에어팩 기계 AS,굿즈명,,수기,0.00,보류,unmatched score=0.00 freq=1
세이프라이프차량용소화기,굿즈명,,수기,0.00,보류,unmatched score=0.00 freq=3
세이프라이프차량용소화기(데코스티커),굿즈명,,수기,0.00,보류,unmatched score=0.00 freq=2
센텐스펜 3종 세트,굿즈명,,수기,0.00,보류,unmatched score=0.00 freq=1
센텐스펜 여분,굿즈명,,수기,0.00,보류,unmatched score=0.00 freq=1
센텐스펜++,굿즈명,,수기,0.00,보류,unmatched score=0.00 freq=2
소박스,굿즈명,,수기,0.00,보류,unmatched score=0.00 freq=1
소프트터치블루투스키보1] Small100,굿즈명,,수기,0.00,보류,unmatched score=0.00 freq=1
소프트터치블루투스키보드Small100,굿즈명,,수기,0.00,보류,unmatched score=0.00 freq=1
소프트터치블루투스키보드[BIg],굿즈명,,수기,0.00,보류,unmatched score=0.00 freq=1
소프트터치블루투스키보드[small],굿즈명,,수기,0.00,보류,unmatched score=0.00 freq=1
손잡이백,굿즈명,,수기,0.00,보류,unmatched score=0.00 freq=1
쇼룸,굿즈명,,수기,0.00,보류,unmatched score=0.00 freq=1
쇼룸용 포트폴라오,굿즈명,,수기,0.00,보류,unmatched score=0.00 freq=1
쇼룸용 포트폴리오,굿즈명,,수기,0.00,보류,unmatched score=0.00 freq=19
쇼룸용 포트폴오,굿즈명,,수기,0.00,보류,unmatched score=0.00 freq=1
쇼룸용포트폴리오,굿즈명,,수기,0.00,보류,unmatched score=0.00 freq=2
쇼핑백,굿즈명,,수기,0.00,보류,unmatched score=0.00 freq=58
쇼핑백 + 브랜드택,굿즈명,,수기,0.00,보류,unmatched score=0.00 freq=2
쇼핑백 + 브랜딩 택,굿즈명,,수기,0.00,보류,unmatched score=0.00 freq=1
쇼핑백 m사이즈,굿즈명,,수기,0.00,보류,unmatched score=0.00 freq=1
쇼핑백 s사이즈,굿즈명,,수기,0.00,보류,unmatched score=0.00 freq=1
쇼핑백+인쇄,굿즈명,,수기,0.00,보류,unmatched score=0.00 freq=2
쇼핑백100,굿즈명,,수기,0.00,보류,unmatched score=0.00 freq=14
쇼핑백107,굿즈명,,수기,0.00,보류,unmatched score=0.00 freq=1
쇼핑백120,굿즈명,,수기,0.00,보류,unmatched score=0.00 freq=1
쇼핑백150,굿즈명,,수기,0.00,보류,unmatched score=0.00 freq=1
쇼핑백171,굿즈명,,수기,0.00,보류,unmatched score=0.00 freq=1
쇼핑백200,굿즈명,,수기,0.00,보류,unmatched score=0.00 freq=4
쇼핑백300,굿즈명,,수기,0.00,보류,unmatched score=0.00 freq=3
쇼핑백50,굿즈명,,수기,0.00,보류,unmatched score=0.00 freq=4
쇼핑백70,굿즈명,,수기,0.00,보류,unmatched score=0.00 freq=2
쇼핑백92,굿즈명,,수기,0.00,보류,unmatched score=0.00 freq=1
쇼핑백사각스티커150,굿즈명,,수기,0.00,보류,unmatched score=0.00 freq=1
수건우산세트 키트,굿즈명,,수기,0.00,보류,unmatched score=0.00 freq=1
수면안대파우치,굿즈명,,수기,0.00,보류,unmatched score=0.00 freq=1
슈가케인텀블러 리드,굿즈명,,수기,0.00,보류,unmatched score=0.00 freq=2
슈가케인텀블러 컵,굿즈명,,수기,0.00,보류,unmatched score=0.00 freq=1
슈가케인텀블러1,굿즈명,,수기,0.00,보류,unmatched score=0.00 freq=2
슈가케인텀블러3),굿즈명,,수기,0.00,보류,unmatched score=0.00 freq=1
슈가케인펜 30+여분,굿즈명,,수기,0.00,보류,unmatched score=0.00 freq=1
슈가케인펜 벌크,굿즈명,,수기,0.00,보류,unmatched score=0.00 freq=1
슈가케인펜 슬리브,굿즈명,,수기,0.00,보류,unmatched score=0.00 freq=1
슈가케인펜 오렌지컬러 불량,굿즈명,,수기,0.00,보류,unmatched score=0.00 freq=1
슈가케인펜+인쇄,굿즈명,,수기,0.00,보류,unmatched score=0.00 freq=2
슈가케인펜1,굿즈명,,수기,0.00,보류,unmatched score=0.00 freq=1
슈가케인펜1),굿즈명,,수기,0.00,보류,unmatched score=0.00 freq=3
슈가케인펜100,굿즈명,,수기,0.00,보류,unmatched score=0.00 freq=1
슈가케인펜2,굿즈명,,수기,0.00,보류,unmatched score=0.00 freq=1
슈가케인펜그레이,굿즈명,,수기,0.00,보류,unmatched score=0.00 freq=1
슈가케인펜그린,굿즈명,,수기,0.00,보류,unmatched score=0.00 freq=1
슈가케인펜스카이블루,굿즈명,,수기,0.00,보류,unmatched score=0.00 freq=1
슈가케인펜웜그레이,굿즈명,,수기,0.00,보류,unmatched score=0.00 freq=1
슈가케인펜화이트,굿즈명,,수기,0.00,보류,unmatched score=0.00 freq=1
슈가케인펜화인트100,굿즈명,,수기,0.00,보류,unmatched score=0.00 freq=1
슈가펜1,굿즈명,,수기,0.00,보류,unmatched score=0.00 freq=4
슈가펜3,굿즈명,,수기,0.00,보류,unmatched score=0.00 freq=2
스마트 클리커,굿즈명,,수기,0.00,보류,unmatched score=0.00 freq=1
스타일수면안대 160잔여분(수면안대3),굿즈명,,수기,0.00,보류,unmatched score=0.00 freq=1
스타일수면안대 벌크,굿즈명,,수기,0.00,보류,unmatched score=0.00 freq=1
스타일수면안대 실버팩,굿즈명,,수기,0.00,보류,unmatched score=0.00 freq=1
스타일수면안대+인쇄,굿즈명,,수기,0.00,보류,unmatched score=0.00 freq=1
스타트씨드키트1),굿즈명,,수기,0.00,보류,unmatched score=0.00 freq=2
스타트씨드키트100,굿즈명,,수기,0.00,보류,unmatched score=0.00 freq=2
스타트씨드키트2),굿즈명,,수기,0.00,보류,unmatched score=0.00 freq=1
스타트씨드키트[브로컬리],굿즈명,,수기,0.00,보류,unmatched score=0.00 freq=1
스타트씨드키트[적무],굿즈명,,수기,0.00,보류,unmatched score=0.00 freq=2
스타트씨드키트[체리토마토],굿즈명,,수기,0.00,보류,unmatched score=0.00 freq=1
스타트씨드키트[케일],굿즈명,,수기,0.00,보류,unmatched score=0.00 freq=3
스타트씨드키트베이비브로컬리160,굿즈명,,수기,0.00,보류,unmatched score=0.00 freq=1
스타트씨드키트베이비브로컬리4,굿즈명,,수기,0.00,보류,unmatched score=0.00 freq=1
스타트씨드키트베이비브로컬리6,굿즈명,,수기,0.00,보류,unmatched score=0.00 freq=1
스타트씨드키트브로컬리,굿즈명,,수기,0.00,보류,unmatched score=0.00 freq=1
스타트씨드키트브로컬리100,굿즈명,,수기,0.00,보류,unmatched score=0.00 freq=1
스타트씨드키트적무,굿즈명,,수기,0.00,보류,unmatched score=0.00 freq=1
스타트씨드키트적무160,굿즈명,,수기,0.00,보류,unmatched score=0.00 freq=1
스타트씨드키트적무300,굿즈명,,수기,0.00,보류,unmatched score=0.00 freq=1
스타트씨드키트적무4,굿즈명,,수기,0.00,보류,unmatched score=0.00 freq=1
스타트씨드키트적무6,굿즈명,,수기,0.00,보류,unmatched score=0.00 freq=1
스타트씨드키트케일,굿즈명,,수기,0.00,보류,unmatched score=0.00 freq=2
스타트씨드키트케일179,굿즈명,,수기,0.00,보류,unmatched score=0.00 freq=1
스타트씨드키트케일5,굿즈명,,수기,0.00,보류,unmatched score=0.00 freq=1
스타트씨드키트케일6,굿즈명,,수기,0.00,보류,unmatched score=0.00 freq=1
스탠다드 박스 무지,굿즈명,SOLC,유사,0.40,보류,jaccard score=0.40 freq=1
스탠드),굿즈명,,수기,0.00,보류,unmatched score=0.00 freq=4
스탠드-업 칫솔세트,굿즈명,,수기,0.00,보류,unmatched score=0.00 freq=1
스탠드-업 칫솔세트1),굿즈명,,수기,0.00,보류,unmatched score=0.00 freq=2
스탠드-업칫솔 50+!1Passion더스트백(반투명L),굿즈명,DBAM,유사,0.40,보류,jaccard score=0.40 freq=1
스탠드-업칫솔 세트,굿즈명,,수기,0.00,보류,unmatched score=0.00 freq=1
스탠드-업칫솔(단품)3,굿즈명,,수기,0.00,보류,unmatched score=0.00 freq=1
스탠드-업칫솔+케이스2,굿즈명,,수기,0.00,보류,unmatched score=0.00 freq=1
스탠드-업칫솔1,굿즈명,,수기,0.00,보류,unmatched score=0.00 freq=4
스탠드-업칫솔1),굿즈명,,수기,0.00,보류,unmatched score=0.00 freq=2
스탠드-업칫솔2),굿즈명,,수기,0.00,보류,unmatched score=0.00 freq=1
스탠드-업칫솔세트1,굿즈명,,수기,0.00,보류,unmatched score=0.00 freq=4
스탠드-업칫솔세트1),굿즈명,,수기,0.00,보류,unmatched score=0.00 freq=2
스탠드업칫솔,굿즈명,,수기,0.00,보류,unmatched score=0.00 freq=1
스탠드업칫솔(샘플)-,굿즈명,,수기,0.00,보류,unmatched score=0.00 freq=1
스탠드업칫솔1,굿즈명,,수기,0.00,보류,unmatched score=0.00 freq=2
스탠드업칫솔1),굿즈명,,수기,0.00,보류,unmatched score=0.00 freq=1
스탠딩휴대용선풍기 박스,굿즈명,,수기,0.00,보류,unmatched score=0.00 freq=1
스탠리데일리텀블러1,굿즈명,,수기,0.00,보류,unmatched score=0.00 freq=1
스탠리데일리텀블러1),굿즈명,,수기,0.00,보류,unmatched score=0.00 freq=1
스탠리데일리텀블러[그린],굿즈명,,수기,0.00,보류,unmatched score=0.00 freq=4
스탠리데일리텀블러[블랙],굿즈명,,수기,0.00,보류,unmatched score=0.00 freq=4
스탠리데일리텀블러[화이트],굿즈명,,수기,0.00,보류,unmatched score=0.00 freq=4
스탠리데일리텀블러그린,굿즈명,,수기,0.00,보류,unmatched score=0.00 freq=1
스탠리데일리텀블러그린16,굿즈명,,수기,0.00,보류,unmatched score=0.00 freq=1
스탠리데일리텀블러블랙,굿즈명,,수기,0.00,보류,unmatched score=0.00 freq=1
스탠리데일리텀블러블랙15,굿즈명,,수기,0.00,보류,unmatched score=0.00 freq=1
스탠리데일리텀블러스티커50,굿즈명,,수기,0.00,보류,unmatched score=0.00 freq=1
스탠리데일리텀블러화이트,굿즈명,,수기,0.00,보류,unmatched score=0.00 freq=1
스탠리데일리텀블러화이트15,굿즈명,,수기,0.00,보류,unmatched score=0.00 freq=1
스탠리슬림보틀1,굿즈명,,수기,0.00,보류,unmatched score=0.00 freq=1
스테들러4종세트,굿즈명,,수기,0.00,보류,unmatched score=0.00 freq=1
스테들러4종세트_삼각형,굿즈명,,수기,0.00,보류,unmatched score=0.00 freq=1
스테이셔널리 키트 재임가공,굿즈명,,수기,0.00,보류,unmatched score=0.00 freq=1
스테이텀블러1,굿즈명,,수기,0.00,보류,unmatched score=0.00 freq=1
스테이텀블러1),굿즈명,,수기,0.00,보류,unmatched score=0.00 freq=1
스테이텀블러50,굿즈명,,수기,0.00,보류,unmatched score=0.00 freq=1
스테인리스빨대,굿즈명,,수기,0.00,보류,unmatched score=0.00 freq=7
스테인리스빨대2,굿즈명,,수기,0.00,보류,unmatched score=0.00 freq=2
스텐다드페이퍼봉투160,굿즈명,,수기,0.00,보류,unmatched score=0.00 freq=1
스토리네트웍스(즐겨봐박스,굿즈명,,수기,0.00,보류,unmatched score=0.00 freq=1
스튜디오D(즐겨봐박스,굿즈명,,수기,0.00,보류,unmatched score=0.00 freq=1
스튜디오E(즐겨봐박스,굿즈명,,수기,0.00,보류,unmatched score=0.00 freq=1
스트랩박스스트랩,굿즈명,,수기,0.00,보류,unmatched score=0.00 freq=1
스트레치사원증홀더1),굿즈명,,수기,0.00,보류,unmatched score=0.00 freq=1
스트레치사원증홀더2,굿즈명,,수기,0.00,보류,unmatched score=0.00 freq=1
스티치노트1),굿즈명,,수기,0.00,보류,unmatched score=0.00 freq=1
스티치노트2,굿즈명,,수기,0.00,보류,unmatched score=0.00 freq=1
스티치노트2),굿즈명,,수기,0.00,보류,unmatched score=0.00 freq=1
스티커 1150여장(여분포함),굿즈명,,수기,0.00,보류,unmatched score=0.00 freq=1
스티커 단품,굿즈명,,수기,0.00,보류,unmatched score=0.00 freq=1
스티커 별도),굿즈명,,수기,0.00,보류,unmatched score=0.00 freq=1
스티커 잔량50,굿즈명,,수기,0.00,보류,unmatched score=0.00 freq=1
스티커2개),굿즈명,,수기,0.00,보류,unmatched score=0.00 freq=1
스펀지,굿즈명,,수기,0.00,보류,unmatched score=0.00 freq=2
스펙트럼컬러팬,굿즈명,,수기,0.00,보류,unmatched score=0.00 freq=1
스펙트럼컬러펜  배경지[우수상서가현]17,굿즈명,,수기,0.00,보류,unmatched score=0.00 freq=1
스펙트럼컬러펜  배경지[우수상안화균]17,굿즈명,,수기,0.00,보류,unmatched score=0.00 freq=1
스펙트럼컬러펜  배경지[최우수상남상철]16,굿즈명,,수기,0.00,보류,unmatched score=0.00 freq=1
스펙트럼컬러펜  배경지[최우수상황선례],굿즈명,,수기,0.00,보류,unmatched score=0.00 freq=1
스펙트럼컬러펜 100+!,굿즈명,,수기,0.00,보류,unmatched score=0.00 freq=1
스펙트럼컬러펜 Set,굿즈명,,수기,0.00,보류,unmatched score=0.00 freq=1
스펙트럼컬러펜 [대상최정우]34,굿즈명,,수기,0.00,보류,unmatched score=0.00 freq=1
스펙트럼컬러펜 [우수상김대운]33,굿즈명,,수기,0.00,보류,unmatched score=0.00 freq=1
스펙트럼컬러펜 [우수상서가현]33,굿즈명,,수기,0.00,보류,unmatched score=0.00 freq=1
스펙트럼컬러펜 [우수상안화균]33,굿즈명,,수기,0.00,보류,unmatched score=0.00 freq=1
스펙트럼컬러펜 [최우수상남상철]34,굿즈명,,수기,0.00,보류,unmatched score=0.00 freq=1
스펙트럼컬러펜 [최우수상황선례]33,굿즈명,,수기,0.00,보류,unmatched score=0.00 freq=1
스펙트럼컬러펜 배경지,굿즈명,,수기,0.00,보류,unmatched score=0.00 freq=1
스펙트럼컬러펜 배경지 [대상최정우],굿즈명,,수기,0.00,보류,unmatched score=0.00 freq=1
스펙트럼컬러펜 배경지 [우수상김대운]17,굿즈명,,수기,0.00,보류,unmatched score=0.00 freq=1
스펙트럼컬러펜 세트,굿즈명,,수기,0.00,보류,unmatched score=0.00 freq=1
스펙트럼컬러펜+,굿즈명,,수기,0.00,보류,unmatched score=0.00 freq=4
스펙트럼컬러펜+배경지+opp,굿즈명,,수기,0.00,보류,unmatched score=0.00 freq=1
스펙트럼컬러펜+스펙트럼컬러펜,굿즈명,,수기,0.00,보류,unmatched score=0.00 freq=2
스펙트럼컬러펜1,굿즈명,,수기,0.00,보류,unmatched score=0.00 freq=4
스펙트럼컬러펜1),굿즈명,,수기,0.00,보류,unmatched score=0.00 freq=1
스펙트럼컬러펜100,굿즈명,,수기,0.00,보류,unmatched score=0.00 freq=1
스펙트럼컬러펜300,굿즈명,,수기,0.00,보류,unmatched score=0.00 freq=1
스펙트럼컬러펜50,굿즈명,,수기,0.00,보류,unmatched score=0.00 freq=3
스펙트럼컬러펜80,굿즈명,,수기,0.00,보류,unmatched score=0.00 freq=1
스펙트럼컬러펜90,굿즈명,,수기,0.00,보류,unmatched score=0.00 freq=1
스펙트럼컬러펜[네이비],굿즈명,,수기,0.00,보류,unmatched score=0.00 freq=1
스펙트럼컬러펜[블랙],굿즈명,,수기,0.00,보류,unmatched score=0.00 freq=1
스펙트럼컬러펜[블루],굿즈명,,수기,0.00,보류,unmatched score=0.00 freq=1
스펙트럼컬러펜[화이트],굿즈명,,수기,0.00,보류,unmatched score=0.00 freq=1
스펙트럼컬러펜네이비,굿즈명,,수기,0.00,보류,unmatched score=0.00 freq=1
스펙트럼컬러펜다크그린 300+,굿즈명,,수기,0.00,보류,unmatched score=0.00 freq=1
스펙트럼컬러펜블랙,굿즈명,,수기,0.00,보류,unmatched score=0.00 freq=1
스펙트럼컬러펜오렌지,굿즈명,,수기,0.00,보류,unmatched score=0.00 freq=1
스펙트럼컬러펜화이트,굿즈명,,수기,0.00,보류,unmatched score=0.00 freq=2
스펙트럼펜 다크네이비 재고,굿즈명,,수기,0.00,보류,unmatched score=0.00 freq=1
스펙트럼펜 바질그린,굿즈명,,수기,0.00,보류,unmatched score=0.00 freq=1
스펜트럼펜 다크블루,굿즈명,,수기,0.00,보류,unmatched score=0.00 freq=1
스포이드,굿즈명,,수기,0.00,보류,unmatched score=0.00 freq=1
스포이드(1.2ml)_반투명500,굿즈명,,수기,0.00,보류,unmatched score=0.00 freq=1
스포츠보틀1),굿즈명,,수기,0.00,보류,unmatched score=0.00 freq=2
스포츠보틀3),굿즈명,,수기,0.00,보류,unmatched score=0.00 freq=1
스프링노트5 데코스티커5 매트블랙텀블러2,굿즈명,,수기,0.00,보류,unmatched score=0.00 freq=1
슬라이드지퍼백 키트,굿즈명,,수기,0.00,보류,unmatched score=0.00 freq=2
슬라이드지퍼백(M)키트,굿즈명,,수기,0.00,보류,unmatched score=0.00 freq=1
슬라이드지퍼백키트100,굿즈명,,수기,0.00,보류,unmatched score=0.00 freq=1
슬로건다이어리,굿즈명,,수기,0.00,보류,unmatched score=0.00 freq=27
슬로건다이어리 (벌크),굿즈명,,수기,0.00,보류,unmatched score=0.00 freq=1
슬로건다이어리 + 띠지,굿즈명,,수기,0.00,보류,unmatched score=0.00 freq=1
슬로건다이어리 1350권,굿즈명,,수기,0.00,보류,unmatched score=0.00 freq=1
슬로건다이어리 띠지,굿즈명,,수기,0.00,보류,unmatched score=0.00 freq=2
슬로건다이어리 띠지 50장,굿즈명,,수기,0.00,보류,unmatched score=0.00 freq=1
슬로건다이어리(1),굿즈명,,수기,0.00,보류,unmatched score=0.00 freq=1
슬로건다이어리(2),굿즈명,,수기,0.00,보류,unmatched score=0.00 freq=1
슬로건다이어리(커스텀,굿즈명,,수기,0.00,보류,unmatched score=0.00 freq=3
슬로건다이어리(커스텀제작),굿즈명,,수기,0.00,보류,unmatched score=0.00 freq=1
슬로건다이어리(표준) + OPP,굿즈명,,수기,0.00,보류,unmatched score=0.00 freq=3
슬로건다이어리(표준) 500+(김연증),굿즈명,,수기,0.00,보류,unmatched score=0.00 freq=1
슬로건다이어리(표준)+띠지,굿즈명,,수기,0.00,보류,unmatched score=0.00 freq=1
슬로건다이어리(표준)1,굿즈명,,수기,0.00,보류,unmatched score=0.00 freq=1
슬로건다이어리(표준)1),굿즈명,,수기,0.00,보류,unmatched score=0.00 freq=1
슬로건다이어리(표준)100,굿즈명,,수기,0.00,보류,unmatched score=0.00 freq=1
슬로건다이어리(표준)300,굿즈명,,수기,0.00,보류,unmatched score=0.00 freq=1
슬로건다이어리+opp,굿즈명,,수기,0.00,보류,unmatched score=0.00 freq=2
슬로건다이어리+데코스티커 set,굿즈명,,수기,0.00,보류,unmatched score=0.00 freq=2
슬로건다이어리+캘린더+opp,굿즈명,,수기,0.00,보류,unmatched score=0.00 freq=1
슬로건다이어리1,굿즈명,,수기,0.00,보류,unmatched score=0.00 freq=1
슬로건다이어리1),굿즈명,,수기,0.00,보류,unmatched score=0.00 freq=2
슬로건다이어리100,굿즈명,,수기,0.00,보류,unmatched score=0.00 freq=1
슬로건다이어리2),굿즈명,,수기,0.00,보류,unmatched score=0.00 freq=1
슬로건다이어리50,굿즈명,,수기,0.00,보류,unmatched score=0.00 freq=1
슬로건다이어리커버1,굿즈명,,수기,0.00,보류,unmatched score=0.00 freq=1
슬로건맨투맨2XL(15),굿즈명,,수기,0.00,보류,unmatched score=0.00 freq=2
슬로건맨투맨3XL(1),굿즈명,,수기,0.00,보류,unmatched score=0.00 freq=1
슬로건맨투맨4XL(1),굿즈명,,수기,0.00,보류,unmatched score=0.00 freq=1
슬로건맨투맨L(95),굿즈명,,수기,0.00,보류,unmatched score=0.00 freq=2
슬로건맨투맨M(105),굿즈명,,수기,0.00,보류,unmatched score=0.00 freq=2
슬로건맨투맨XL(115),굿즈명,,수기,0.00,보류,unmatched score=0.00 freq=2
슬로건타올1),굿즈명,,수기,0.00,보류,unmatched score=0.00 freq=1
슬리브,굿즈명,,수기,0.00,보류,unmatched score=0.00 freq=12
슬리브 키트,굿즈명,,수기,0.00,보류,unmatched score=0.00 freq=2
슬리브 키트 +띠지(대학생써포터즈),굿즈명,,수기,0.00,보류,unmatched score=0.00 freq=1
슬리브 키트 +띠지(인턴),굿즈명,,수기,0.00,보류,unmatched score=0.00 freq=1
슬리브(벌크),굿즈명,,수기,0.00,보류,unmatched score=0.00 freq=1
슬리브(스탠다드)_투명250,굿즈명,,수기,0.00,보류,unmatched score=0.00 freq=1
슬리브(전용)(Tower)_투명,굿즈명,,수기,0.00,보류,unmatched score=0.00 freq=1
슬리브10,굿즈명,,수기,0.00,보류,unmatched score=0.00 freq=1
슬리브100,굿즈명,,수기,0.00,보류,unmatched score=0.00 freq=2
슬리브2,굿즈명,,수기,0.00,보류,unmatched score=0.00 freq=1
슬리브2),굿즈명,,수기,0.00,보류,unmatched score=0.00 freq=1
슬리브200,굿즈명,,수기,0.00,보류,unmatched score=0.00 freq=1
슬리브2종3개씩),굿즈명,,수기,0.00,보류,unmatched score=0.00 freq=1
슬리브50,굿즈명,,수기,0.00,보류,unmatched score=0.00 freq=1
슬리브60,굿즈명,,수기,0.00,보류,unmatched score=0.00 freq=1
슬리브박스 슬리브만 3장,굿즈명,,수기,0.00,보류,unmatched score=0.00 freq=1
슬리브박스 키트,굿즈명,,수기,0.00,보류,unmatched score=0.00 freq=1
슬리브박스키트(샘플)1 (드레스업손거울1,굿즈명,,수기,0.00,보류,unmatched score=0.00 freq=1
슬리브키트 (브링유어컵 - 블랙),굿즈명,,수기,0.00,보류,unmatched score=0.00 freq=1
슬리브키트 (브링유어컵 - 아이보리),굿즈명,,수기,0.00,보류,unmatched score=0.00 freq=1
슬리퍼,굿즈명,,수기,0.00,보류,unmatched score=0.00 freq=5
슬리퍼 280사이즈 단품,굿즈명,,수기,0.00,보류,unmatched score=0.00 freq=1
슬림보틀(2)1,굿즈명,,수기,0.00,보류,unmatched score=0.00 freq=1
시그니처다이리,굿즈명,,수기,0.00,보류,unmatched score=0.00 freq=1
시그니처다이어리 + OPP,굿즈명,,수기,0.00,보류,unmatched score=0.00 freq=1
시그니처다이어리 밴드 레드컬러,굿즈명,,수기,0.00,보류,unmatched score=0.00 freq=1
시그니처다이어리 밴드 블루컬러,굿즈명,,수기,0.00,보류,unmatched score=0.00 freq=1
시그니처다이어리(그레이)1,굿즈명,,수기,0.00,보류,unmatched score=0.00 freq=1
시그니처다이어리(그레이)30,굿즈명,,수기,0.00,보류,unmatched score=0.00 freq=1
시그니처다이어리(블랙)+펜 세트,굿즈명,,수기,0.00,보류,unmatched score=0.00 freq=2
시그니처다이어리(커스텀,굿즈명,,수기,0.00,보류,unmatched score=0.00 freq=5
시그니처다이어리(커스텀) 띠지,굿즈명,,수기,0.00,보류,unmatched score=0.00 freq=1
시그니처다이어리(표준) + 스펙트럼컬러펜,굿즈명,,수기,0.00,보류,unmatched score=0.00 freq=1
시그니처다이어리1,굿즈명,,수기,0.00,보류,unmatched score=0.00 freq=1
시그니처다이어리100,굿즈명,,수기,0.00,보류,unmatched score=0.00 freq=2
시그니처다이어리1257,굿즈명,,수기,0.00,보류,unmatched score=0.00 freq=1
시그니처다이어리460,굿즈명,,수기,0.00,보류,unmatched score=0.00 freq=1
신제품 클리어슬라이드지퍼백,굿즈명,,수기,0.00,보류,unmatched score=0.00 freq=1
실버팩+배경지,굿즈명,,수기,0.00,보류,unmatched score=0.00 freq=1
실버팩+스티커,굿즈명,,수기,0.00,보류,unmatched score=0.00 freq=1
실크((클리어 리유저블컵),굿즈명,,수기,0.00,보류,unmatched score=0.00 freq=2
실크((클리어 리유저블컵) (1),굿즈명,,수기,0.00,보류,unmatched score=0.00 freq=1
실크((클리어 리유저블컵) (2),굿즈명,,수기,0.00,보류,unmatched score=0.00 freq=1
실크(블루투스 키보드_유광블랙),굿즈명,,수기,0.00,보류,unmatched score=0.00 freq=1
실크),굿즈명,,수기,0.00,보류,unmatched score=0.00 freq=6
심볼릭스테들러,굿즈명,,수기,0.00,보류,unmatched score=0.00 freq=1
심볼릭스테들러:파인라이너4종세트,굿즈명,,수기,0.00,보류,unmatched score=0.00 freq=1
심볼릭스테들러:파인라이너4종세트1,굿즈명,,수기,0.00,보류,unmatched score=0.00 freq=2
심볼릭스테들러:필기구4종세트,굿즈명,,수기,0.00,보류,unmatched score=0.00 freq=8
심볼릭스테들러:필기구4종세트1,굿즈명,,수기,0.00,보류,unmatched score=0.00 freq=1
심볼릭스테들러:형광펜4종세트,굿즈명,,수기,0.00,보류,unmatched score=0.00 freq=1
심볼아크릴트로피(1)1,굿즈명,,수기,0.00,보류,unmatched score=0.00 freq=1
심볼아크릴트로피(2)1,굿즈명,,수기,0.00,보류,unmatched score=0.00 freq=1
심볼아크릴트로피1,굿즈명,,수기,0.00,보류,unmatched score=0.00 freq=1
심볼필기구2,굿즈명,,수기,0.00,보류,unmatched score=0.00 freq=1
심의실(즐겨봐박스,굿즈명,,수기,0.00,보류,unmatched score=0.00 freq=1
심플 바인더 노트,굿즈명,,수기,0.00,보류,unmatched score=0.00 freq=1
썸네일캘린더 750+여분수량,굿즈명,,수기,0.00,보류,unmatched score=0.00 freq=1
썸네일캘린더 재제작,굿즈명,,수기,0.00,보류,unmatched score=0.00 freq=1
썸네일캘린더100,굿즈명,,수기,0.00,보류,unmatched score=0.00 freq=1
썸네일캘린더300,굿즈명,,수기,0.00,보류,unmatched score=0.00 freq=1
썸네일캘린더[국내],굿즈명,,수기,0.00,보류,unmatched score=0.00 freq=1
썸네일캘린더[해외],굿즈명,,수기,0.00,보류,unmatched score=0.00 freq=1
쏘리키트,굿즈명,,수기,0.00,보류,unmatched score=0.00 freq=13
쏘리키트1,굿즈명,,수기,0.00,보류,unmatched score=0.00 freq=1
씨드볼 각 102개씩),굿즈명,,수기,0.00,보류,unmatched score=0.00 freq=1
씨드키트1개),굿즈명,,수기,0.00,보류,unmatched score=0.00 freq=1
씬페이퍼,굿즈명,,수기,0.00,보류,unmatched score=0.00 freq=2
씬페이퍼 봉투 (벌크),굿즈명,,수기,0.00,보류,unmatched score=0.00 freq=1
씬페이퍼 봉투 키트,굿즈명,,수기,0.00,보류,unmatched score=0.00 freq=1
씬페이퍼봉투,굿즈명,,수기,0.00,보류,unmatched score=0.00 freq=2
씬페이퍼봉투100,굿즈명,,수기,0.00,보류,unmatched score=0.00 freq=1
아이덴티티 스티커팩3,굿즈명,,수기,0.00,보류,unmatched score=0.00 freq=2
아이덴티티 스티커팩5,굿즈명,,수기,0.00,보류,unmatched score=0.00 freq=1
아이콘케이블홀더세트,굿즈명,,수기,0.00,보류,unmatched score=0.00 freq=16
아이콘콜드컵 스티커 (벌크),굿즈명,,수기,0.00,보류,unmatched score=0.00 freq=1
아이콘콜드컵 재임가공,굿즈명,,수기,0.00,보류,unmatched score=0.00 freq=1
아이콘팬,굿즈명,,수기,0.00,보류,unmatched score=0.00 freq=1
아이콘펜(클립)과 아크릴아이콘,굿즈명,,수기,0.00,보류,unmatched score=0.00 freq=1
아쿠아스노클링마스크150,굿즈명,,수기,0.00,보류,unmatched score=0.00 freq=1
아크릴 참,굿즈명,,수기,0.00,보류,unmatched score=0.00 freq=1
아크릴룸,굿즈명,,수기,0.00,보류,unmatched score=0.00 freq=1
아크릴배너+ 인쇄,굿즈명,,수기,0.00,보류,unmatched score=0.00 freq=1
아크릴아이콘(아이콘 펜),굿즈명,,수기,0.00,보류,unmatched score=0.00 freq=3
아크릴아이콘_투명100,굿즈명,,수기,0.00,보류,unmatched score=0.00 freq=1
아트워크 커버 샘플,굿즈명,,수기,0.00,보류,unmatched score=0.00 freq=1
아트워크레더다이어리 B4 (파란색),굿즈명,,수기,0.00,보류,unmatched score=0.00 freq=1
아트워크레더다이어리 B5(초록색),굿즈명,,수기,0.00,보류,unmatched score=0.00 freq=1
아트워크레더다이어리+스티커,굿즈명,,수기,0.00,보류,unmatched score=0.00 freq=1
아트워크레더다이어리+인쇄,굿즈명,,수기,0.00,보류,unmatched score=0.00 freq=1
아트워크레더다이어리1,굿즈명,,수기,0.00,보류,unmatched score=0.00 freq=2
아트워크레더다이어리1),굿즈명,,수기,0.00,보류,unmatched score=0.00 freq=1
안대1,굿즈명,,수기,0.00,보류,unmatched score=0.00 freq=1
안대1),굿즈명,,수기,0.00,보류,unmatched score=0.00 freq=2
안대2,굿즈명,,수기,0.00,보류,unmatched score=0.00 freq=1
안대파우치,굿즈명,,수기,0.00,보류,unmatched score=0.00 freq=1
알류미늄플레이트(클래시방향제),굿즈명,,수기,0.00,보류,unmatched score=0.00 freq=2
알류미늄플레이트(클래시방향제_전사),굿즈명,,수기,0.00,보류,unmatched score=0.00 freq=1
압구정,굿즈명,,수기,0.00,보류,unmatched score=0.00 freq=1
압축토,굿즈명,,수기,0.00,보류,unmatched score=0.00 freq=1
압축토1000,굿즈명,,수기,0.00,보류,unmatched score=0.00 freq=1
애드온 뱃지(금니켈,굿즈명,,수기,0.00,보류,unmatched score=0.00 freq=1
애드온 뱃지3,굿즈명,,수기,0.00,보류,unmatched score=0.00 freq=1
애드온뱃지2홀리데이테임텍2),굿즈명,,수기,0.00,보류,unmatched score=0.00 freq=1
애드온뱃지3인마이백피크닉매트(2인용)2,굿즈명,,수기,0.00,보류,unmatched score=0.00 freq=1
애드온뱃지은니켈,굿즈명,,수기,0.00,보류,unmatched score=0.00 freq=1
애드온뱃지흑니켈,굿즈명,,수기,0.00,보류,unmatched score=0.00 freq=1
액티브 스포츠 타월2),굿즈명,,수기,0.00,보류,unmatched score=0.00 freq=1
액티브스포츠타월 (1)1,굿즈명,,수기,0.00,보류,unmatched score=0.00 freq=4
액티브스포츠타월 (2)1,굿즈명,,수기,0.00,보류,unmatched score=0.00 freq=1
액티브스포츠타월 키트,굿즈명,,수기,0.00,보류,unmatched score=0.00 freq=1
액티브스포츠타월+opp,굿즈명,,수기,0.00,보류,unmatched score=0.00 freq=1
액티브스포츠타월1),굿즈명,,수기,0.00,보류,unmatched score=0.00 freq=1
양면겔테이프,굿즈명,,수기,0.00,보류,unmatched score=0.00 freq=1
양면젤테이프210,굿즈명,,수기,0.00,보류,unmatched score=0.00 freq=1
양면테이프+띠지,굿즈명,,수기,0.00,보류,unmatched score=0.00 freq=2
어드벤스3단자동우산 750+여유,굿즈명,,수기,0.00,보류,unmatched score=0.00 freq=1
어썸그립+인쇄,굿즈명,,수기,0.00,보류,unmatched score=0.00 freq=5
어썸그립+인쇄 (1),굿즈명,,수기,0.00,보류,unmatched score=0.00 freq=1
어썸그립+인쇄 (1)(2)(3)(4)(5)(6)(7)(8),굿즈명,,수기,0.00,보류,unmatched score=0.00 freq=1
어썸그립+인쇄 (2),굿즈명,,수기,0.00,보류,unmatched score=0.00 freq=1
어태치보조배터리 -,굿즈명,,수기,0.00,보류,unmatched score=0.00 freq=2
어태치보조배터리 100 (c타입),굿즈명,,수기,0.00,보류,unmatched score=0.00 freq=1
어태치보조배터리 8핀,굿즈명,,수기,0.00,보류,unmatched score=0.00 freq=2
어태치보조배터리 C타입,굿즈명,,수기,0.00,보류,unmatched score=0.00 freq=2
어태치보조배터리 c핀,굿즈명,,수기,0.00,보류,unmatched score=0.00 freq=1
어태치보조배터리(8핀)40,굿즈명,,수기,0.00,보류,unmatched score=0.00 freq=1
어태치보조배터리(C타입)60,굿즈명,,수기,0.00,보류,unmatched score=0.00 freq=1
어태치보조배터리+UV,굿즈명,,수기,0.00,보류,unmatched score=0.00 freq=10
어태치보조배터리1,굿즈명,,수기,0.00,보류,unmatched score=0.00 freq=3
어태치보조배터리1),굿즈명,,수기,0.00,보류,unmatched score=0.00 freq=4
어태치보조배터리100,굿즈명,,수기,0.00,보류,unmatched score=0.00 freq=1
어태치보조배터리100 (8핀),굿즈명,,수기,0.00,보류,unmatched score=0.00 freq=1
어태치보조뱌터리,굿즈명,,수기,0.00,보류,unmatched score=0.00 freq=2
어태치보토배터리 8핀,굿즈명,,수기,0.00,보류,unmatched score=0.00 freq=1
에디션골프공6구 100(공번호상이함),굿즈명,,수기,0.00,보류,unmatched score=0.00 freq=1
에디션골프공6구50,굿즈명,,수기,0.00,보류,unmatched score=0.00 freq=1
에디트캘린더+opp,굿즈명,,수기,0.00,보류,unmatched score=0.00 freq=5
에디트캘린더+인쇄,굿즈명,,수기,0.00,보류,unmatched score=0.00 freq=5
에디트캘린더1,굿즈명,,수기,0.00,보류,unmatched score=0.00 freq=1
에디트캘린더3),굿즈명,,수기,0.00,보류,unmatched score=0.00 freq=1
에디트캘린더5),굿즈명,,수기,0.00,보류,unmatched score=0.00 freq=1
에디트캘린더50,굿즈명,,수기,0.00,보류,unmatched score=0.00 freq=1
에센셜 와인오프너 박스+스티커,굿즈명,ESWO,유사,0.40,보류,jaccard score=0.40 freq=1
에센셜와이인오프너세트(1)1,굿즈명,,수기,0.00,보류,unmatched score=0.00 freq=1
에센셜와이인오프너세트(2)1,굿즈명,,수기,0.00,보류,unmatched score=0.00 freq=1
"에센셜와인오프너세트 120""",굿즈명,,수기,0.00,보류,unmatched score=0.00 freq=1
에어캡,굿즈명,,수기,0.00,보류,unmatched score=0.00 freq=14
에어캡100,굿즈명,,수기,0.00,보류,unmatched score=0.00 freq=3
에어캡250,굿즈명,,수기,0.00,보류,unmatched score=0.00 freq=1
에어캡300,굿즈명,,수기,0.00,보류,unmatched score=0.00 freq=2
에어캡50,굿즈명,,수기,0.00,보류,unmatched score=0.00 freq=4
에어캡500,굿즈명,,수기,0.00,보류,unmatched score=0.00 freq=1
에어캡60,굿즈명,,수기,0.00,보류,unmatched score=0.00 freq=1
에어캡75,굿즈명,,수기,0.00,보류,unmatched score=0.00 freq=1
에어캡봉투,굿즈명,,수기,0.00,보류,unmatched score=0.00 freq=11
에어캡봉투(대),굿즈명,,수기,0.00,보류,unmatched score=0.00 freq=1
에어캡봉투(벌크),굿즈명,,수기,0.00,보류,unmatched score=0.00 freq=1
에어캡봉투(벌크전달),굿즈명,,수기,0.00,보류,unmatched score=0.00 freq=1
에어캡봉투(소),굿즈명,,수기,0.00,보류,unmatched score=0.00 freq=4
에어캡봉투(중),굿즈명,,수기,0.00,보류,unmatched score=0.00 freq=5
에어캡봉투100,굿즈명,,수기,0.00,보류,unmatched score=0.00 freq=2
에이원->신명 이동신청,굿즈명,,수기,0.00,보류,unmatched score=0.00 freq=1
에이원->유어백 회수물류이동신청,굿즈명,,수기,0.00,보류,unmatched score=0.00 freq=1
에이원->협력사창고로 발송요청,굿즈명,,수기,0.00,보류,unmatched score=0.00 freq=1
에이원지식산업센터,굿즈명,,수기,0.00,보류,unmatched score=0.00 freq=63
에이원지식산업센터 -,굿즈명,,수기,0.00,보류,unmatched score=0.00 freq=5
에코백 키트,굿즈명,,수기,1.00,보류,jaccard score=1.00 freq=2
에코페이퍼 박스,굿즈명,,수기,0.00,보류,unmatched score=0.00 freq=1
에코페이퍼 키트(라이트그레이),굿즈명,,수기,0.00,보류,unmatched score=0.00 freq=1
에코페이퍼 키트(레드),굿즈명,,수기,0.00,보류,unmatched score=0.00 freq=1
에코페이퍼 키트(블루),굿즈명,,수기,0.00,보류,unmatched score=0.00 freq=1
에코페이퍼 키트(카라멜),굿즈명,,수기,0.00,보류,unmatched score=0.00 freq=1
에티드캐린더2),굿즈명,,수기,0.00,보류,unmatched score=0.00 freq=1
에폭시스티커,굿즈명,,수기,0.00,보류,unmatched score=0.00 freq=3
에폭시스티커(리마커블),굿즈명,,수기,0.00,보류,unmatched score=0.00 freq=1
에폭시스티커(스테들러4종세트),굿즈명,,수기,0.00,보류,unmatched score=0.00 freq=1
에폭시스티커(에센셜와인오프너),굿즈명,,수기,0.00,보류,unmatched score=0.00 freq=1
여분,굿즈명,,수기,0.00,보류,unmatched score=0.00 freq=1
여분 (칫솔+치약+케이스),굿즈명,,수기,0.00,보류,unmatched score=0.00 freq=1
여분 - 매트블랙텀블러,굿즈명,,수기,0.00,보류,unmatched score=0.00 freq=1
여분(즐겨봐박스,굿즈명,,수기,0.00,보류,unmatched score=0.00 freq=1
여분),굿즈명,,수기,0.00,보류,unmatched score=0.00 freq=1
여분) 낫싱설거지비누,굿즈명,,수기,0.00,보류,unmatched score=0.00 freq=1
여분) 밤부칫솔,굿즈명,,수기,0.00,보류,unmatched score=0.00 freq=1
여분) 슈가케인텀블러,굿즈명,,수기,0.00,보류,unmatched score=0.00 freq=1
여유,굿즈명,,수기,0.00,보류,unmatched score=0.00 freq=1
여유분,굿즈명,,수기,0.00,보류,unmatched score=0.00 freq=3
여유분 화이트,굿즈명,,수기,0.00,보류,unmatched score=0.00 freq=4
여유수량,굿즈명,,수기,0.00,보류,unmatched score=0.00 freq=1
여행 set(325ea),굿즈명,,수기,0.00,보류,unmatched score=0.00 freq=1
여행 set_Quality슬리브박스(2022ver),굿즈명,SLVR,유사,0.40,보류,jaccard score=0.40 freq=1
연결 클리커,굿즈명,,수기,0.00,보류,unmatched score=0.00 freq=1
영등포,굿즈명,,수기,0.00,보류,unmatched score=0.00 freq=1
오디너리후드집업(2XL),굿즈명,,수기,0.50,보류,jaccard score=0.50 freq=3
오디너리후드집업(3XL),굿즈명,,수기,0.50,보류,jaccard score=0.50 freq=2
오디너리후드집업(4XL),굿즈명,,수기,0.50,보류,jaccard score=0.50 freq=1
오디너리후드집업(F,굿즈명,,수기,0.50,보류,jaccard score=0.50 freq=7
오디너리후드집업(L),굿즈명,,수기,0.50,보류,jaccard score=0.50 freq=4
오디너리후드집업(M),굿즈명,,수기,0.50,보류,jaccard score=0.50 freq=4
오디너리후드집업(S,굿즈명,,수기,0.50,보류,jaccard score=0.50 freq=5
오디너리후드집업(S),굿즈명,,수기,0.50,보류,jaccard score=0.50 freq=4
오디너리후드집업(XL),굿즈명,,수기,0.50,보류,jaccard score=0.50 freq=4
오디너리후드집업(멜란지그레이) (L사이즈) -,굿즈명,,수기,0.50,보류,jaccard_norm score=0.50 freq=1
오디너리후드집업(멜란지그레이) 2XL(15),굿즈명,,수기,0.50,보류,jaccard_norm score=0.50 freq=1
오디너리후드집업(멜란지그레이) L(24),굿즈명,,수기,0.50,보류,jaccard_norm score=0.50 freq=1
오디너리후드집업(멜란지그레이) XL(25),굿즈명,,수기,0.50,보류,jaccard_norm score=0.50 freq=1
오디너리후드집업(블랙) (L사이즈) -,굿즈명,,수기,0.50,보류,jaccard_norm score=0.50 freq=1
오디너리후드집업+인쇄,굿즈명,,수기,1.00,보류,jaccard score=1.00 freq=1
오디너리후드집업+인쇄 (XL),굿즈명,,수기,1.00,보류,jaccard score=1.00 freq=1
오제작 스티커,굿즈명,,수기,0.00,보류,unmatched score=0.00 freq=1
오제작티셔츠100,굿즈명,,수기,0.00,보류,unmatched score=0.00 freq=1
오토매틱와인오프너(stock)[카페],굿즈명,,수기,0.00,보류,unmatched score=0.00 freq=1
오토매틱와인오프너(stock)[해비치],굿즈명,,수기,0.00,보류,unmatched score=0.00 freq=1
오픈 페이퍼 박스 키트,굿즈명,,수기,0.00,보류,unmatched score=0.00 freq=1
오픈박스50,굿즈명,,수기,0.00,보류,unmatched score=0.00 freq=1
오픈페이퍼 박스 키트,굿즈명,,수기,0.00,보류,unmatched score=0.00 freq=1
오픈페이퍼박스키트2,굿즈명,,수기,0.00,보류,unmatched score=0.00 freq=1
오피스 파우치 패키지 (스티커75,굿즈명,MOFP,유사,0.40,보류,jaccard score=0.40 freq=1
오피스마우스패드,굿즈명,,수기,0.00,보류,unmatched score=0.00 freq=1
오피스마우스패드(스탠다드)1,굿즈명,,수기,0.00,보류,unmatched score=0.00 freq=2
오피스마우스패드(스티커 미부착),굿즈명,,수기,0.00,보류,unmatched score=0.00 freq=1
오피스마우스패드1,굿즈명,,수기,0.00,보류,unmatched score=0.00 freq=1
오피스마우스패드1),굿즈명,,수기,0.00,보류,unmatched score=0.00 freq=1
올데이텀블러 피저빌리티 샘플,굿즈명,,수기,0.00,보류,unmatched score=0.00 freq=1
올데이텀블러1,굿즈명,,수기,0.00,보류,unmatched score=0.00 freq=4
올데이텀블러1),굿즈명,,수기,0.00,보류,unmatched score=0.00 freq=4
올데이텀블러2,굿즈명,,수기,0.00,보류,unmatched score=0.00 freq=1
올블랙펜 + 커스텀박스,굿즈명,,수기,0.00,보류,unmatched score=0.00 freq=1
올블랙펜 - 1506 (2박스),굿즈명,,수기,0.00,보류,unmatched score=0.00 freq=1
올블랙펜 50+,굿즈명,,수기,0.00,보류,unmatched score=0.00 freq=1
올블랙펜 배경지 (레드)50,굿즈명,,수기,0.00,보류,unmatched score=0.00 freq=1
올블랙펜1,굿즈명,,수기,0.00,보류,unmatched score=0.00 freq=1
올블랙펜1),굿즈명,,수기,0.00,보류,unmatched score=0.00 freq=3
올블랙펜2,굿즈명,,수기,0.00,보류,unmatched score=0.00 freq=1
올블랙펜3,굿즈명,,수기,0.00,보류,unmatched score=0.00 freq=1
올블렉펜,굿즈명,,수기,0.00,보류,unmatched score=0.00 freq=1
올웨이즈양우산 단품,굿즈명,,수기,0.00,보류,unmatched score=0.00 freq=1
올웨이즈양우산1,굿즈명,,수기,0.00,보류,unmatched score=0.00 freq=5
올웨이즈양우산1),굿즈명,,수기,0.00,보류,unmatched score=0.00 freq=3
올웨이즈양우산스티커50,굿즈명,,수기,0.00,보류,unmatched score=0.00 freq=1
와이드클립펜 배경지,굿즈명,,수기,0.00,보류,unmatched score=0.00 freq=1
와이드클립펜 여분3,굿즈명,,수기,0.00,보류,unmatched score=0.00 freq=1
와이드클립펜+,굿즈명,,수기,0.00,보류,unmatched score=0.00 freq=1
와이드클립펜1,굿즈명,,수기,0.00,보류,unmatched score=0.00 freq=2
와이드클립펜1),굿즈명,,수기,0.00,보류,unmatched score=0.00 freq=2
와이드클립펜100,굿즈명,,수기,0.00,보류,unmatched score=0.00 freq=2
와이드클립펜2,굿즈명,,수기,0.00,보류,unmatched score=0.00 freq=1
와이드클립펜300,굿즈명,,수기,0.00,보류,unmatched score=0.00 freq=1
와인잔 케이스,굿즈명,,수기,0.00,보류,unmatched score=0.00 freq=1
와인잔1),굿즈명,,수기,0.00,보류,unmatched score=0.00 freq=1
완충제,굿즈명,,수기,0.00,보류,unmatched score=0.00 freq=1
외박스 3종,굿즈명,,수기,0.00,보류,unmatched score=0.00 freq=1
외박스 S-280  -,굿즈명,,수기,0.00,보류,unmatched score=0.00 freq=1
외박스 여유수량,굿즈명,,수기,0.00,보류,unmatched score=0.00 freq=1
외박스(S-280)40,굿즈명,,수기,0.00,보류,unmatched score=0.00 freq=1
외박스10,굿즈명,,수기,0.00,보류,unmatched score=0.00 freq=1
용신목,굿즈명,,수기,0.00,보류,unmatched score=0.00 freq=1
우드사인,굿즈명,,수기,0.00,보류,unmatched score=0.00 freq=4
우드사인 (1)(2)(3)(4)(5)(6)(7)(8) 각,굿즈명,,수기,0.00,보류,unmatched score=0.00 freq=1
우드사인500,굿즈명,,수기,0.00,보류,unmatched score=0.00 freq=1
우산1),굿즈명,,수기,0.00,보류,unmatched score=0.00 freq=2
월드오브피규어+웹캠커버Set+인스타피규어,굿즈명,,수기,0.00,보류,unmatched score=0.00 freq=1
월드오브피규어2),굿즈명,,수기,0.00,보류,unmatched score=0.00 freq=1
월드오브피규어3),굿즈명,,수기,0.00,보류,unmatched score=0.00 freq=1
월드오브피규어Set 60 (스티커 O,굿즈명,,수기,0.00,보류,unmatched score=0.00 freq=1
월드오브피규어Set 키트,굿즈명,,수기,0.00,보류,unmatched score=0.00 freq=1
월드오브피규어Set+웰컴페이퍼170,굿즈명,,수기,0.00,보류,unmatched score=0.00 freq=1
월드오브피규어Set2),굿즈명,,수기,0.00,보류,unmatched score=0.00 freq=1
월드오브피규어set1,굿즈명,,수기,0.00,보류,unmatched score=0.00 freq=1
월드오브피규어set100,굿즈명,,수기,0.00,보류,unmatched score=0.00 freq=1
월드오브피규어set3,굿즈명,,수기,0.00,보류,unmatched score=0.00 freq=1
월드오브피규어세트2,굿즈명,,수기,0.00,보류,unmatched score=0.00 freq=1
월드와이드멀티어댑터1,굿즈명,,수기,0.00,보류,unmatched score=0.00 freq=5
월드와이드멀티어댑터1),굿즈명,,수기,0.00,보류,unmatched score=0.00 freq=1
월드와이드멀티어댑터2,굿즈명,,수기,0.00,보류,unmatched score=0.00 freq=2
월드와이드멀티어뎁터1,굿즈명,,수기,0.00,보류,unmatched score=0.00 freq=1
월컴페이퍼,굿즈명,,수기,0.00,보류,unmatched score=0.00 freq=1
웜업스트링후드집 2XL(20),굿즈명,,수기,0.00,보류,unmatched score=0.00 freq=1
웜업스트링후드집업  3L(62),굿즈명,,수기,0.00,보류,unmatched score=0.00 freq=1
웜업스트링후드집업  4L(66),굿즈명,,수기,0.00,보류,unmatched score=0.00 freq=1
웜업스트링후드집업  5L(21),굿즈명,,수기,0.00,보류,unmatched score=0.00 freq=1
웜업스트링후드집업  L(126),굿즈명,,수기,0.00,보류,unmatched score=0.00 freq=1
웜업스트링후드집업  LL(116),굿즈명,,수기,0.00,보류,unmatched score=0.00 freq=1
웜업스트링후드집업  M(98),굿즈명,,수기,0.00,보류,unmatched score=0.00 freq=1
웜업스트링후드집업  S(11),굿즈명,,수기,0.00,보류,unmatched score=0.00 freq=1
웜업스트링후드집업 2XL=3L(3),굿즈명,,수기,0.00,보류,unmatched score=0.00 freq=1
웜업스트링후드집업 2XL=3L(5),굿즈명,,수기,0.00,보류,unmatched score=0.00 freq=1
웜업스트링후드집업 3L(10),굿즈명,,수기,0.00,보류,unmatched score=0.00 freq=3
웜업스트링후드집업 3L(13),굿즈명,,수기,0.00,보류,unmatched score=0.00 freq=1
웜업스트링후드집업 3L(23),굿즈명,,수기,0.00,보류,unmatched score=0.00 freq=1
웜업스트링후드집업 3L(26),굿즈명,,수기,0.00,보류,unmatched score=0.00 freq=1
웜업스트링후드집업 3L(40),굿즈명,,수기,0.00,보류,unmatched score=0.00 freq=2
웜업스트링후드집업 3L(5),굿즈명,,수기,0.00,보류,unmatched score=0.00 freq=1
웜업스트링후드집업 3L(6),굿즈명,,수기,0.00,보류,unmatched score=0.00 freq=1
웜업스트링후드집업 3L(85),굿즈명,,수기,0.00,보류,unmatched score=0.00 freq=1
웜업스트링후드집업 3XL=4L(1),굿즈명,,수기,0.00,보류,unmatched score=0.00 freq=1
웜업스트링후드집업 3xl,굿즈명,,수기,0.00,보류,unmatched score=0.00 freq=1
웜업스트링후드집업 4L(2),굿즈명,,수기,0.00,보류,unmatched score=0.00 freq=1
웜업스트링후드집업 4L(3),굿즈명,,수기,0.00,보류,unmatched score=0.00 freq=2
웜업스트링후드집업 4L(5),굿즈명,,수기,0.00,보류,unmatched score=0.00 freq=1
웜업스트링후드집업 4L(6),굿즈명,,수기,0.00,보류,unmatched score=0.00 freq=1
웜업스트링후드집업 5L(1),굿즈명,,수기,0.00,보류,unmatched score=0.00 freq=2
웜업스트링후드집업 5L(2),굿즈명,,수기,0.00,보류,unmatched score=0.00 freq=2
웜업스트링후드집업 5L(3),굿즈명,,수기,0.00,보류,unmatched score=0.00 freq=1
웜업스트링후드집업 L,굿즈명,,수기,0.00,보류,unmatched score=0.00 freq=1
웜업스트링후드집업 L(10),굿즈명,,수기,0.00,보류,unmatched score=0.00 freq=3
웜업스트링후드집업 L(12),굿즈명,,수기,0.00,보류,unmatched score=0.00 freq=1
웜업스트링후드집업 L(19),굿즈명,,수기,0.00,보류,unmatched score=0.00 freq=1
웜업스트링후드집업 L(20),굿즈명,,수기,0.00,보류,unmatched score=0.00 freq=2
웜업스트링후드집업 L(23),굿즈명,,수기,0.00,보류,unmatched score=0.00 freq=1
웜업스트링후드집업 L(30),굿즈명,,수기,0.00,보류,unmatched score=0.00 freq=1
웜업스트링후드집업 L(30개),굿즈명,,수기,0.00,보류,unmatched score=0.00 freq=1
웜업스트링후드집업 L(31),굿즈명,,수기,0.00,보류,unmatched score=0.00 freq=1
웜업스트링후드집업 L(35),굿즈명,,수기,0.00,보류,unmatched score=0.00 freq=2
웜업스트링후드집업 L(5),굿즈명,,수기,0.00,보류,unmatched score=0.00 freq=1
웜업스트링후드집업 L(62),굿즈명,,수기,0.00,보류,unmatched score=0.00 freq=1
웜업스트링후드집업 LL(15),굿즈명,,수기,0.00,보류,unmatched score=0.00 freq=1
웜업스트링후드집업 LL(19),굿즈명,,수기,0.00,보류,unmatched score=0.00 freq=1
웜업스트링후드집업 LL(20),굿즈명,,수기,0.00,보류,unmatched score=0.00 freq=3
웜업스트링후드집업 LL(24),굿즈명,,수기,0.00,보류,unmatched score=0.00 freq=1
웜업스트링후드집업 LL(29),굿즈명,,수기,0.00,보류,unmatched score=0.00 freq=1
웜업스트링후드집업 LL(3),굿즈명,,수기,0.00,보류,unmatched score=0.00 freq=1
웜업스트링후드집업 LL(34),굿즈명,,수기,0.00,보류,unmatched score=0.00 freq=1
웜업스트링후드집업 LL(35개),굿즈명,,수기,0.00,보류,unmatched score=0.00 freq=1
웜업스트링후드집업 LL(40),굿즈명,,수기,0.00,보류,unmatched score=0.00 freq=1
웜업스트링후드집업 LL(46),굿즈명,,수기,0.00,보류,unmatched score=0.00 freq=1
웜업스트링후드집업 LL(80),굿즈명,,수기,0.00,보류,unmatched score=0.00 freq=1
웜업스트링후드집업 M(11),굿즈명,,수기,0.00,보류,unmatched score=0.00 freq=1
웜업스트링후드집업 M(14),굿즈명,,수기,0.00,보류,unmatched score=0.00 freq=1
웜업스트링후드집업 M(2),굿즈명,,수기,0.00,보류,unmatched score=0.00 freq=2
웜업스트링후드집업 M(23),굿즈명,,수기,0.00,보류,unmatched score=0.00 freq=1
웜업스트링후드집업 M(3),굿즈명,,수기,0.00,보류,unmatched score=0.00 freq=1
웜업스트링후드집업 M(30),굿즈명,,수기,0.00,보류,unmatched score=0.00 freq=1
웜업스트링후드집업 M(40),굿즈명,,수기,0.00,보류,unmatched score=0.00 freq=1
웜업스트링후드집업 M(5),굿즈명,,수기,0.00,보류,unmatched score=0.00 freq=2
웜업스트링후드집업 M(5개),굿즈명,,수기,0.00,보류,unmatched score=0.00 freq=1
웜업스트링후드집업 M(9),굿즈명,,수기,0.00,보류,unmatched score=0.00 freq=1
웜업스트링후드집업 M:,굿즈명,,수기,0.00,보류,unmatched score=0.00 freq=1
웜업스트링후드집업 S(1),굿즈명,,수기,0.00,보류,unmatched score=0.00 freq=1
웜업스트링후드집업 S(2),굿즈명,,수기,0.00,보류,unmatched score=0.00 freq=1
웜업스트링후드집업 S(4),굿즈명,,수기,0.00,보류,unmatched score=0.00 freq=1
웜업스트링후드집업 S(5),굿즈명,,수기,0.00,보류,unmatched score=0.00 freq=2
웜업스트링후드집업 S(6),굿즈명,,수기,0.00,보류,unmatched score=0.00 freq=1
웜업스트링후드집업 XL,굿즈명,,수기,0.00,보류,unmatched score=0.00 freq=1
웜업스트링후드집업 XL=LL(21),굿즈명,,수기,0.00,보류,unmatched score=0.00 freq=1
웜업스트링후드집업 XL=LL(25),굿즈명,,수기,0.00,보류,unmatched score=0.00 freq=1
웜업스트링후드집업 [바이텍씨스템],굿즈명,,수기,0.00,보류,unmatched score=0.00 freq=1
웜업스트링후드집업 [바이텍정보통신],굿즈명,,수기,0.00,보류,unmatched score=0.00 freq=2
웜업스트링후드집업 여분XL=LL(1),굿즈명,,수기,0.00,보류,unmatched score=0.00 freq=1
웜업스트링후드집업(LL)100,굿즈명,,수기,0.00,보류,unmatched score=0.00 freq=1
웜업스트링후드집업3L(12),굿즈명,,수기,0.00,보류,unmatched score=0.00 freq=1
웜업스트링후드집업3XL(5),굿즈명,,수기,0.00,보류,unmatched score=0.00 freq=1
웜업스트링후드집업4L(4),굿즈명,,수기,0.00,보류,unmatched score=0.00 freq=1
웜업스트링후드집업L(10),굿즈명,,수기,0.00,보류,unmatched score=0.00 freq=1
웜업스트링후드집업L(150개),굿즈명,,수기,0.00,보류,unmatched score=0.00 freq=1
웜업스트링후드집업L(21),굿즈명,,수기,0.00,보류,unmatched score=0.00 freq=1
웜업스트링후드집업L(25개),굿즈명,,수기,0.00,보류,unmatched score=0.00 freq=1
웜업스트링후드집업L(27),굿즈명,,수기,0.00,보류,unmatched score=0.00 freq=1
웜업스트링후드집업L:,굿즈명,,수기,0.00,보류,unmatched score=0.00 freq=1
웜업스트링후드집업LL(100개),굿즈명,,수기,0.00,보류,unmatched score=0.00 freq=1
웜업스트링후드집업LL(150개),굿즈명,,수기,0.00,보류,unmatched score=0.00 freq=1
"웜업스트링후드집업LL(20)""",굿즈명,,수기,0.00,보류,unmatched score=0.00 freq=1
웜업스트링후드집업LL(20개),굿즈명,,수기,0.00,보류,unmatched score=0.00 freq=1
웜업스트링후드집업LL(60),굿즈명,,수기,0.00,보류,unmatched score=0.00 freq=1
웜업스트링후드집업M(43),굿즈명,,수기,0.00,보류,unmatched score=0.00 freq=1
웜업스트링후드집업M(9),굿즈명,,수기,0.00,보류,unmatched score=0.00 freq=1
웜업스트링후드집업S(4),굿즈명,,수기,0.00,보류,unmatched score=0.00 freq=1
웜업스트링후드집업XL(15),굿즈명,,수기,0.00,보류,unmatched score=0.00 freq=1
웜업스트링후드집업XL:,굿즈명,,수기,0.00,보류,unmatched score=0.00 freq=1
웜업스트링후드집업그레이 L,굿즈명,,수기,0.00,보류,unmatched score=0.00 freq=1
웜업스트링후드집업그레이 M,굿즈명,,수기,0.00,보류,unmatched score=0.00 freq=1
웜업스트링후드집업그레이 XL,굿즈명,,수기,0.00,보류,unmatched score=0.00 freq=1
웜업스트링후드집업네이비 L,굿즈명,,수기,0.00,보류,unmatched score=0.00 freq=1
웜업스트링후드집업네이비 M,굿즈명,,수기,0.00,보류,unmatched score=0.00 freq=1
웜업스트링후드집업네이비 XL,굿즈명,,수기,0.00,보류,unmatched score=0.00 freq=1
웰컴 키트,굿즈명,,수기,0.00,보류,unmatched score=0.00 freq=1
웰컴페이퍼,굿즈명,,수기,0.00,보류,unmatched score=0.00 freq=52
웰컴페이퍼 (벌크),굿즈명,,수기,0.00,보류,unmatched score=0.00 freq=2
웰컴페이퍼 (벌크전달),굿즈명,,수기,0.00,보류,unmatched score=0.00 freq=1
웰컴페이퍼 O),굿즈명,,수기,0.00,보류,unmatched score=0.00 freq=1
웰컴페이퍼 X),굿즈명,,수기,0.00,보류,unmatched score=0.00 freq=1
웰컴페이퍼 잔여수량,굿즈명,,수기,0.00,보류,unmatched score=0.00 freq=1
웰컴페이퍼 추가제작,굿즈명,,수기,0.00,보류,unmatched score=0.00 freq=1
웰컴페이퍼(1) (벌크전달)210,굿즈명,,수기,0.00,보류,unmatched score=0.00 freq=1
웰컴페이퍼(10주년)60,굿즈명,,수기,0.00,보류,unmatched score=0.00 freq=1
웰컴페이퍼(2) (벌크전달)150,굿즈명,,수기,0.00,보류,unmatched score=0.00 freq=1
웰컴페이퍼(20주년)40,굿즈명,,수기,0.00,보류,unmatched score=0.00 freq=1
웰컴페이퍼(커스텀인쇄)(L)_반투명,굿즈명,,수기,0.00,보류,unmatched score=0.00 freq=3
웰컴페이퍼(커스텀인쇄)(S)_반투명,굿즈명,,수기,0.00,보류,unmatched score=0.00 freq=2
웰컴페이퍼(커스텀인쇄)(Small)(일본어버전),굿즈명,,수기,0.00,보류,unmatched score=0.00 freq=1
웰컴페이퍼(커스텀인쇄)(Small)_화이트,굿즈명,,수기,0.00,보류,unmatched score=0.00 freq=3
웰컴페이퍼(커스텀인쇄)(펜타공),굿즈명,,수기,0.00,보류,unmatched score=0.00 freq=1
웰컴페이퍼(커스텀인쇄)_반투명,굿즈명,,수기,0.00,보류,unmatched score=0.00 freq=3
웰컴페이퍼(커스텀인쇄)_블랙,굿즈명,,수기,0.00,보류,unmatched score=0.00 freq=1
웰컴페이퍼(커스텀인쇄)_화이트,굿즈명,,수기,0.00,보류,unmatched score=0.00 freq=1
웰컴페이퍼100,굿즈명,,수기,0.00,보류,unmatched score=0.00 freq=8
웰컴페이퍼130,굿즈명,,수기,0.00,보류,unmatched score=0.00 freq=1
웰컴페이퍼200,굿즈명,,수기,0.00,보류,unmatched score=0.00 freq=2
웰컴페이퍼300,굿즈명,,수기,0.00,보류,unmatched score=0.00 freq=2
웰컴페이퍼50,굿즈명,,수기,0.00,보류,unmatched score=0.00 freq=9
웰컴페이퍼500,굿즈명,,수기,0.00,보류,unmatched score=0.00 freq=2
웰컴페이퍼63),굿즈명,,수기,0.00,보류,unmatched score=0.00 freq=1
웰컴페이퍼75,굿즈명,,수기,0.00,보류,unmatched score=0.00 freq=1
웰컴페이퍼81,굿즈명,,수기,0.00,보류,unmatched score=0.00 freq=1
웰컴페이퍼X) 키트,굿즈명,,수기,0.00,보류,unmatched score=0.00 freq=1
웹캠커버1),굿즈명,,수기,0.00,보류,unmatched score=0.00 freq=1
웹캠커버3,굿즈명,,수기,0.00,보류,unmatched score=0.00 freq=1
웹캠커버[영문],굿즈명,,수기,0.00,보류,unmatched score=0.00 freq=1
웹캠커버[한국어],굿즈명,,수기,0.00,보류,unmatched score=0.00 freq=1
위시오브제캔들(아크릴배너)1,굿즈명,,수기,0.00,보류,unmatched score=0.00 freq=1
위시오브제캔들[1_GFSA 노란캔들],굿즈명,,수기,0.00,보류,unmatched score=0.00 freq=2
위시오브제캔들[2_GDG 파란캔틀],굿즈명,,수기,0.00,보류,unmatched score=0.00 freq=1
유니크디퓨저2,굿즈명,,수기,0.00,보류,unmatched score=0.00 freq=1
유니크디퓨저모링가,굿즈명,,수기,0.00,보류,unmatched score=0.00 freq=1
유니크디퓨저북스토아,굿즈명,,수기,0.00,보류,unmatched score=0.00 freq=1
유니크디퓨저에바다,굿즈명,,수기,0.00,보류,unmatched score=0.00 freq=1
유니크디퓨저플라워가든,굿즈명,,수기,0.00,보류,unmatched score=0.00 freq=1
유니크디퓨져1,굿즈명,,수기,0.00,보류,unmatched score=0.00 freq=1
유리머그 레드 세트,굿즈명,,수기,0.00,보류,unmatched score=0.00 freq=2
유리머그 레드 세트 200개개,굿즈명,,수기,0.00,보류,unmatched score=0.00 freq=1
유리머그 블루 세트,굿즈명,,수기,0.00,보류,unmatched score=0.00 freq=2
유리머그 블루 세트 200개개,굿즈명,,수기,0.00,보류,unmatched score=0.00 freq=1
이너박스세트(BLANKUV칫솔살균기 +라운드밤부칫솔(stock) +미니치약),굿즈명,,수기,0.00,보류,unmatched score=0.00 freq=1
이모션글로벌,굿즈명,,수기,0.00,보류,unmatched score=0.00 freq=1
이사부PL(20),굿즈명,,수기,0.00,보류,unmatched score=0.00 freq=1
이정도PL(41),굿즈명,,수기,0.00,보류,unmatched score=0.00 freq=1
인마이백피크닉매트,굿즈명,,수기,0.00,보류,unmatched score=0.00 freq=11
인마이백피크닉매트 매트원단,굿즈명,,수기,0.00,보류,unmatched score=0.00 freq=1
인마이백피크닉매트 파우치원단,굿즈명,,수기,0.00,보류,unmatched score=0.00 freq=1
인마이백피크닉매트(2인용),굿즈명,,수기,0.00,보류,unmatched score=0.00 freq=7
인마이백피크닉매트(4인용),굿즈명,,수기,0.00,보류,unmatched score=0.00 freq=3
인쇄샘플,굿즈명,,수기,0.00,보류,unmatched score=0.00 freq=1
인스타가드닝키트 100+잔여분(피규어)3,굿즈명,,수기,0.00,보류,unmatched score=0.00 freq=1
인스타가드닝키트 괴마옥,굿즈명,,수기,0.00,보류,unmatched score=0.00 freq=1
인스타가드닝키트 구성분 (흙,굿즈명,,수기,0.00,보류,unmatched score=0.00 freq=1
인스타가드닝키트 식물,굿즈명,,수기,0.00,보류,unmatched score=0.00 freq=3
인스타가드닝키트 화분,굿즈명,,수기,0.00,보류,unmatched score=0.00 freq=1
인스타가드닝키트186,굿즈명,,수기,0.00,보류,unmatched score=0.00 freq=1
인스타피규어 스탠드,굿즈명,,수기,0.00,보류,unmatched score=0.00 freq=1
인스타피규어 키링 (1)100,굿즈명,,수기,0.00,보류,unmatched score=0.00 freq=1
인스타피규어 키링 (2)100,굿즈명,,수기,0.00,보류,unmatched score=0.00 freq=1
"인스타피규어(키링) 300""",굿즈명,,수기,0.00,보류,unmatched score=0.00 freq=1
인스타피규어(키링) 우주비행사,굿즈명,,수기,0.00,보류,unmatched score=0.00 freq=1
인스타피규어(키링) 직장인 남자,굿즈명,,수기,0.00,보류,unmatched score=0.00 freq=2
인스타피규어(키링) 직장인 여자,굿즈명,,수기,0.00,보류,unmatched score=0.00 freq=2
인스타피규어(키링) 학생남자,굿즈명,,수기,0.00,보류,unmatched score=0.00 freq=2
인스타피규어(키링) 학생여자,굿즈명,,수기,0.00,보류,unmatched score=0.00 freq=1
인스타피규어(키링)우주비행사,굿즈명,,수기,0.00,보류,unmatched score=0.00 freq=1
인스타피규어(키링)학생여자,굿즈명,,수기,0.00,보류,unmatched score=0.00 freq=1
인스타피규어+인쇄,굿즈명,,수기,0.00,보류,unmatched score=0.00 freq=4
인스타피규어1,굿즈명,,수기,0.00,보류,unmatched score=0.00 freq=1
인스타피규어100,굿즈명,,수기,0.00,보류,unmatched score=0.00 freq=1
인스타피규어2,굿즈명,,수기,0.00,보류,unmatched score=0.00 freq=1
인스타피규어200,굿즈명,,수기,0.00,보류,unmatched score=0.00 freq=1
인스타피규어3,굿즈명,,수기,0.00,보류,unmatched score=0.00 freq=1
인스타피규어그린100,굿즈명,,수기,0.00,보류,unmatched score=0.00 freq=1
인스타피규어다크그레이,굿즈명,,수기,0.00,보류,unmatched score=0.00 freq=1
인스타피규어레드,굿즈명,,수기,0.00,보류,unmatched score=0.00 freq=1
인스타피규어레드100,굿즈명,,수기,0.00,보류,unmatched score=0.00 freq=1
인스타피규어블랙,굿즈명,,수기,0.00,보류,unmatched score=0.00 freq=1
인스타피규어블루,굿즈명,,수기,0.00,보류,unmatched score=0.00 freq=2
인스타피규어옐로우,굿즈명,,수기,0.00,보류,unmatched score=0.00 freq=1
인스타피규어키링,굿즈명,,수기,0.00,보류,unmatched score=0.00 freq=2
인스타피규어키링100,굿즈명,,수기,0.00,보류,unmatched score=0.00 freq=1
인스타피규어퍼플,굿즈명,,수기,0.00,보류,unmatched score=0.00 freq=1
인스타피규어핑크,굿즈명,,수기,0.00,보류,unmatched score=0.00 freq=1
인앤아웃캠핑폴딩박스+인쇄,굿즈명,,수기,0.00,보류,unmatched score=0.00 freq=1
임원실(즐겨봐박스,굿즈명,,수기,0.00,보류,unmatched score=0.00 freq=1
임팩트슬로건타월3,굿즈명,,수기,0.00,보류,unmatched score=0.00 freq=1
자갈 ),굿즈명,,수기,0.00,보류,unmatched score=0.00 freq=1
잔여 (내추럴노트4),굿즈명,,수기,0.00,보류,unmatched score=0.00 freq=1
잔여 (데코스티커10),굿즈명,,수기,0.00,보류,unmatched score=0.00 freq=1
잔여 (레터리유리머그2,굿즈명,,수기,0.00,보류,unmatched score=0.00 freq=1
잔여 (매트블랙터블러3),굿즈명,,수기,0.00,보류,unmatched score=0.00 freq=1
잔여 (매트블랙텀블러3),굿즈명,,수기,0.00,보류,unmatched score=0.00 freq=1
잔여 (매트블랙텀블러5),굿즈명,,수기,0.00,보류,unmatched score=0.00 freq=1
잔여 (미르텀블러1,굿즈명,,수기,0.00,보류,unmatched score=0.00 freq=1
잔여 (스티커17,굿즈명,,수기,0.00,보류,unmatched score=0.00 freq=1
잔여 (유리머그2),굿즈명,,수기,0.00,보류,unmatched score=0.00 freq=1
잔여 아이콘콜드컵1,굿즈명,,수기,0.00,보류,unmatched score=0.00 freq=1
잔여 제작 외박스 600개(40묶음),굿즈명,,수기,0.00,보류,unmatched score=0.00 freq=1
잔여분,굿즈명,,수기,0.00,보류,unmatched score=0.00 freq=17
잔여분 (브랜드잇1),굿즈명,,수기,0.00,보류,unmatched score=0.00 freq=1
잔여분 (상판 화이트 2개),굿즈명,,수기,0.00,보류,unmatched score=0.00 freq=1
잔여분 (스티커),굿즈명,,수기,0.00,보류,unmatched score=0.00 freq=1
잔여분 (씨드키트),굿즈명,,수기,0.00,보류,unmatched score=0.00 freq=1
잔여분 - 브랜드잇3,굿즈명,,수기,0.00,보류,unmatched score=0.00 freq=1
잔여분 - 어태치2,굿즈명,,수기,0.00,보류,unmatched score=0.00 freq=1
잔여분 - 오디너리후드집업(멜란지그레이) XL1,굿즈명,,수기,0.00,보류,unmatched score=0.00 freq=1
잔여분 - 오디너리후드집업(블랙) L,굿즈명,,수기,0.00,보류,unmatched score=0.00 freq=1
잔여분 카메라2,굿즈명,,수기,0.00,보류,unmatched score=0.00 freq=1
잔여분( 리마커블칫솔살균기1,굿즈명,,수기,0.00,보류,unmatched score=0.00 freq=1
잔여분( 브랜디드타월1,굿즈명,,수기,0.50,보류,jaccard score=0.50 freq=1
잔여분( 추가제작블록5),굿즈명,,수기,0.00,보류,unmatched score=0.00 freq=1
잔여분(BLANKUV칫솔살균기1),굿즈명,,수기,0.00,보류,unmatched score=0.00 freq=1
잔여분(usb1,굿즈명,,수기,0.00,보류,unmatched score=0.00 freq=1
잔여분(고체치약3,굿즈명,,수기,0.00,보류,unmatched score=0.00 freq=1
잔여분(골프공3구-볼마커없음)),굿즈명,,수기,0.00,보류,unmatched score=0.00 freq=1
잔여분(괴마옥2,굿즈명,,수기,0.00,보류,unmatched score=0.00 freq=1
잔여분(굿즈박스2),굿즈명,,수기,0.00,보류,unmatched score=0.00 freq=1
잔여분(글로시키링1,굿즈명,,수기,0.00,보류,unmatched score=0.00 freq=1
잔여분(글로시키링3,굿즈명,,수기,0.00,보류,unmatched score=0.00 freq=1
잔여분(내추럴노트,굿즈명,,수기,0.00,보류,unmatched score=0.00 freq=1
잔여분(내추럴노트1),굿즈명,,수기,0.00,보류,unmatched score=0.00 freq=1
잔여분(내추럴노트2,굿즈명,,수기,0.00,보류,unmatched score=0.00 freq=1
잔여분(내추럴노트2),굿즈명,,수기,0.00,보류,unmatched score=0.00 freq=1
잔여분(내추럴노트3),굿즈명,,수기,0.00,보류,unmatched score=0.00 freq=1
잔여분(내추럴노트4,굿즈명,,수기,0.00,보류,unmatched score=0.00 freq=1
잔여분(내추럴노트4),굿즈명,,수기,0.00,보류,unmatched score=0.00 freq=2
잔여분(내추럴노트5,굿즈명,,수기,0.00,보류,unmatched score=0.00 freq=1
잔여분(내추럴노트5),굿즈명,,수기,0.00,보류,unmatched score=0.00 freq=3
잔여분(내추럴노트9,굿즈명,,수기,0.00,보류,unmatched score=0.00 freq=1
잔여분(노트15),굿즈명,,수기,0.00,보류,unmatched score=0.00 freq=1
잔여분(노트3,굿즈명,,수기,0.00,보류,unmatched score=0.00 freq=1
잔여분(노트5,굿즈명,,수기,0.00,보류,unmatched score=0.00 freq=1
잔여분(노트패드1,굿즈명,,수기,0.00,보류,unmatched score=0.00 freq=1
잔여분(노트패드20),굿즈명,,수기,0.00,보류,unmatched score=0.00 freq=1
잔여분(노트페드3),굿즈명,,수기,0.00,보류,unmatched score=0.00 freq=1
잔여분(다이어리,굿즈명,,수기,0.00,보류,unmatched score=0.00 freq=3
잔여분(다이어리1,굿즈명,,수기,0.00,보류,unmatched score=0.00 freq=9
잔여분(다이어리1),굿즈명,,수기,0.00,보류,unmatched score=0.00 freq=4
잔여분(다이어리2,굿즈명,,수기,0.00,보류,unmatched score=0.00 freq=4
잔여분(다이어리2),굿즈명,,수기,0.00,보류,unmatched score=0.00 freq=1
잔여분(다이어리4,굿즈명,,수기,0.00,보류,unmatched score=0.00 freq=1
잔여분(다이어리6,굿즈명,,수기,0.00,보류,unmatched score=0.00 freq=1
잔여분(단품박스6,굿즈명,,수기,0.00,보류,unmatched score=0.00 freq=1
잔여분(더블업트래블파우치(Small)4,굿즈명,,수기,0.00,보류,unmatched score=0.00 freq=1
잔여분(더블업파우치1,굿즈명,,수기,0.00,보류,unmatched score=0.00 freq=1
잔여분(더스트백3,굿즈명,,수기,0.00,보류,unmatched score=0.00 freq=1
잔여분(데스크테리어매트1,굿즈명,,수기,0.00,보류,unmatched score=0.00 freq=1
잔여분(데일리머그1,굿즈명,,수기,0.00,보류,unmatched score=0.00 freq=1
잔여분(데일리머그컵1,굿즈명,,수기,0.00,보류,unmatched score=0.00 freq=1
잔여분(데일리짐색(단품)4,굿즈명,,수기,0.00,보류,unmatched score=0.00 freq=1
잔여분(데일리짐색2,굿즈명,,수기,0.00,보류,unmatched score=0.00 freq=1
잔여분(데코무선가습기1),굿즈명,,수기,0.00,보류,unmatched score=0.00 freq=1
잔여분(데코스티커),굿즈명,,수기,0.00,보류,unmatched score=0.00 freq=1
잔여분(데코스티커1,굿즈명,,수기,0.00,보류,unmatched score=0.00 freq=1
잔여분(데코스티커10,굿즈명,,수기,0.00,보류,unmatched score=0.00 freq=1
잔여분(데코스티커10 ),굿즈명,,수기,0.00,보류,unmatched score=0.00 freq=1
잔여분(데코스티커10),굿즈명,,수기,0.00,보류,unmatched score=0.00 freq=1
잔여분(데코스티커15,굿즈명,,수기,0.00,보류,unmatched score=0.00 freq=2
잔여분(데코스티커15),굿즈명,,수기,0.00,보류,unmatched score=0.00 freq=1
잔여분(데코스티커17,굿즈명,,수기,0.00,보류,unmatched score=0.00 freq=1
잔여분(데코스티커2,굿즈명,,수기,0.00,보류,unmatched score=0.00 freq=4
잔여분(데코스티커2),굿즈명,,수기,0.00,보류,unmatched score=0.00 freq=1
잔여분(데코스티커20,굿즈명,,수기,0.00,보류,unmatched score=0.00 freq=1
잔여분(데코스티커3,굿즈명,,수기,0.00,보류,unmatched score=0.00 freq=4
잔여분(데코스티커3),굿즈명,,수기,0.00,보류,unmatched score=0.00 freq=1
잔여분(데코스티커30,굿즈명,,수기,0.00,보류,unmatched score=0.00 freq=1
잔여분(데코스티커4,굿즈명,,수기,0.00,보류,unmatched score=0.00 freq=1
잔여분(데코스티커5,굿즈명,,수기,0.00,보류,unmatched score=0.00 freq=8
잔여분(데코스티커5),굿즈명,,수기,0.00,보류,unmatched score=0.00 freq=6
잔여분(데코스티커6,굿즈명,,수기,0.00,보류,unmatched score=0.00 freq=1
잔여분(데코스티커6),굿즈명,,수기,0.00,보류,unmatched score=0.00 freq=1
잔여분(데코스티커7),굿즈명,,수기,0.00,보류,unmatched score=0.00 freq=1
잔여분(데코스티커8),굿즈명,,수기,0.00,보류,unmatched score=0.00 freq=1
잔여분(도킹형배터리2,굿즈명,,수기,0.00,보류,unmatched score=0.00 freq=1
잔여분(디자이너노트(1)5,굿즈명,,수기,0.00,보류,unmatched score=0.00 freq=1
잔여분(디자이너노트10,굿즈명,,수기,0.00,보류,unmatched score=0.00 freq=15
잔여분(디자이너노트10),굿즈명,,수기,0.00,보류,unmatched score=0.00 freq=9
잔여분(디자이너노트11),굿즈명,,수기,0.00,보류,unmatched score=0.00 freq=1
잔여분(디자이너노트18,굿즈명,,수기,0.00,보류,unmatched score=0.00 freq=1
잔여분(디자이너노트2,굿즈명,,수기,0.00,보류,unmatched score=0.00 freq=2
잔여분(디자이너노트20,굿즈명,,수기,0.00,보류,unmatched score=0.00 freq=1
잔여분(디자이너노트2종10개),굿즈명,,수기,0.00,보류,unmatched score=0.00 freq=1
잔여분(디자이너노트3,굿즈명,,수기,0.00,보류,unmatched score=0.00 freq=1
잔여분(디자이너노트3),굿즈명,,수기,0.00,보류,unmatched score=0.00 freq=2
잔여분(디자이너노트4,굿즈명,,수기,0.00,보류,unmatched score=0.00 freq=1
잔여분(디자이너노트5,굿즈명,,수기,0.00,보류,unmatched score=0.00 freq=5
잔여분(디자이너노트5),굿즈명,,수기,0.00,보류,unmatched score=0.00 freq=8
잔여분(디자이너노트6,굿즈명,,수기,0.00,보류,unmatched score=0.00 freq=1
잔여분(디자이너노트7),굿즈명,,수기,0.00,보류,unmatched score=0.00 freq=1
잔여분(디자이너노트8,굿즈명,,수기,0.00,보류,unmatched score=0.00 freq=1
잔여분(디자이너노트8),굿즈명,,수기,0.00,보류,unmatched score=0.00 freq=2
잔여분(디퓨져2),굿즈명,,수기,0.00,보류,unmatched score=0.00 freq=1
잔여분(뚜껑박스2),굿즈명,,수기,0.00,보류,unmatched score=0.00 freq=1
잔여분(뚜껑박스3),굿즈명,,수기,0.00,보류,unmatched score=0.00 freq=1
잔여분(라미사파리펜1,굿즈명,,수기,0.00,보류,unmatched score=0.00 freq=1
잔여분(라미펜1,굿즈명,,수기,0.00,보류,unmatched score=0.00 freq=1
잔여분(라미펜1),굿즈명,,수기,0.00,보류,unmatched score=0.00 freq=2
잔여분(라이트캘린더2,굿즈명,,수기,0.00,보류,unmatched score=0.00 freq=1
잔여분(라이트캘린더2),굿즈명,,수기,0.00,보류,unmatched score=0.00 freq=1
잔여분(런치박스3,굿즈명,,수기,0.00,보류,unmatched score=0.00 freq=1
잔여분(레더스킨다이어리(표준)1,굿즈명,,수기,0.00,보류,unmatched score=0.00 freq=2
잔여분(레디고런치박스1,굿즈명,,수기,0.00,보류,unmatched score=0.00 freq=1
잔여분(로고스트랩파우치1,굿즈명,,수기,0.00,보류,unmatched score=0.00 freq=2
잔여분(로고스트랩파우치2,굿즈명,,수기,0.00,보류,unmatched score=0.00 freq=2
잔여분(로고스트랩파우치2),굿즈명,,수기,0.00,보류,unmatched score=0.00 freq=1
잔여분(로고스트랩파우치3,굿즈명,,수기,0.00,보류,unmatched score=0.00 freq=1
잔여분(리마커블칫솔살균기1,굿즈명,,수기,0.00,보류,unmatched score=0.00 freq=6
잔여분(리마커블칫솔살균기1),굿즈명,,수기,0.00,보류,unmatched score=0.00 freq=2
잔여분(리마커블칫솔살균기2,굿즈명,,수기,0.00,보류,unmatched score=0.00 freq=2
잔여분(리마커블칫솔살균기3,굿즈명,,수기,0.00,보류,unmatched score=0.00 freq=1
잔여분(리멤버타투스티커5),굿즈명,,수기,0.00,보류,unmatched score=0.00 freq=1
잔여분(리멤버탁상시계1),굿즈명,,수기,0.00,보류,unmatched score=0.00 freq=1
잔여분(리유저블캘린더1),굿즈명,,수기,0.00,보류,unmatched score=0.00 freq=1
잔여분(리유저블캘린더2),굿즈명,,수기,0.00,보류,unmatched score=0.00 freq=2
잔여분(리유저블캘린더3),굿즈명,,수기,0.00,보류,unmatched score=0.00 freq=2
잔여분(리유저블캘린더벌크2),굿즈명,,수기,0.00,보류,unmatched score=0.00 freq=1
잔여분(리유저블컵,굿즈명,,수기,0.00,보류,unmatched score=0.00 freq=1
잔여분(리유저블컵2,굿즈명,,수기,0.00,보류,unmatched score=0.00 freq=2
잔여분(리유저블텀블러1,굿즈명,,수기,0.00,보류,unmatched score=0.00 freq=1
잔여분(리컵1,굿즈명,,수기,0.00,보류,unmatched score=0.00 freq=1
잔여분(리틀빅리유저블컵(반투명.아이보리)2,굿즈명,,수기,0.00,보류,unmatched score=0.00 freq=1
잔여분(리틀빅리유저블컵1,굿즈명,,수기,0.00,보류,unmatched score=0.00 freq=4
잔여분(리틀빅리유저블컵2,굿즈명,,수기,0.00,보류,unmatched score=0.00 freq=1
잔여분(리틀빅리유저블컵2),굿즈명,,수기,0.00,보류,unmatched score=0.00 freq=1
잔여분(리틀빅리유저블컵3,굿즈명,,수기,0.00,보류,unmatched score=0.00 freq=2
잔여분(리틀빅리유저블컵4),굿즈명,,수기,0.00,보류,unmatched score=0.00 freq=1
잔여분(리틀빅리유저블컵4+칫솔8+파우치5),굿즈명,,수기,0.00,보류,unmatched score=0.00 freq=1
잔여분(마그텟배터리1),굿즈명,,수기,0.00,보류,unmatched score=0.00 freq=1
잔여분(마우스패드1,굿즈명,,수기,0.00,보류,unmatched score=0.00 freq=2
잔여분(매트블랙텀블러-슬리브없음 1개),굿즈명,,수기,0.00,보류,unmatched score=0.00 freq=1
잔여분(매트블랙텀블러1,굿즈명,,수기,0.00,보류,unmatched score=0.00 freq=7
잔여분(매트블랙텀블러1),굿즈명,,수기,0.00,보류,unmatched score=0.00 freq=14
잔여분(매트블랙텀블러1-슬리브없음),굿즈명,,수기,0.00,보류,unmatched score=0.00 freq=1
잔여분(매트블랙텀블러2,굿즈명,,수기,0.00,보류,unmatched score=0.00 freq=5
잔여분(매트블랙텀블러2),굿즈명,,수기,0.00,보류,unmatched score=0.00 freq=4
잔여분(매트블랙텀블러3,굿즈명,,수기,0.00,보류,unmatched score=0.00 freq=2
잔여분(매트블랙텀블러3),굿즈명,,수기,0.00,보류,unmatched score=0.00 freq=1
잔여분(머그3,굿즈명,,수기,0.00,보류,unmatched score=0.00 freq=1
잔여분(머그컵1),굿즈명,,수기,0.00,보류,unmatched score=0.00 freq=1
잔여분(머그컵5,굿즈명,,수기,0.00,보류,unmatched score=0.00 freq=1
잔여분(메모지2,굿즈명,,수기,0.00,보류,unmatched score=0.00 freq=2
잔여분(메모패드3,굿즈명,,수기,0.00,보류,unmatched score=0.00 freq=1
잔여분(메세지스트랩2,굿즈명,,수기,0.00,보류,unmatched score=0.00 freq=1
잔여분(메세지캐리어파우치2,굿즈명,,수기,0.00,보류,unmatched score=0.00 freq=1
잔여분(메세지캐리어파우치키트1,굿즈명,,수기,0.00,보류,unmatched score=0.00 freq=1
잔여분(메시지캐리어파우치-파우치없음)1,굿즈명,,수기,0.00,보류,unmatched score=0.00 freq=1
잔여분(메시지케리어1,굿즈명,,수기,0.00,보류,unmatched score=0.00 freq=1
잔여분(명함지갑1,굿즈명,,수기,0.00,보류,unmatched score=0.00 freq=1
잔여분(명함지갑2,굿즈명,,수기,0.00,보류,unmatched score=0.00 freq=2
잔여분(뮤지엄머그2),굿즈명,,수기,0.00,보류,unmatched score=0.00 freq=1
잔여분(뮤지엄머그4,굿즈명,,수기,0.00,보류,unmatched score=0.00 freq=1
잔여분(미르텀블러1,굿즈명,,수기,0.00,보류,unmatched score=0.00 freq=3
잔여분(미르텀블러1),굿즈명,,수기,0.00,보류,unmatched score=0.00 freq=1
잔여분(미르텀블러2,굿즈명,,수기,0.00,보류,unmatched score=0.00 freq=1
잔여분(미르텀블러2),굿즈명,,수기,0.00,보류,unmatched score=0.00 freq=1
잔여분(미스트보틀1,굿즈명,,수기,0.00,보류,unmatched score=0.00 freq=1
잔여분(미스트보틀1),굿즈명,,수기,0.00,보류,unmatched score=0.00 freq=3
잔여분(미스트보틀2,굿즈명,,수기,0.00,보류,unmatched score=0.00 freq=2
잔여분(미스트보틀2),굿즈명,,수기,0.00,보류,unmatched score=0.00 freq=1
잔여분(미스트보틀3,굿즈명,,수기,0.00,보류,unmatched score=0.00 freq=1
잔여분(미스트워터보틀1),굿즈명,,수기,0.00,보류,unmatched score=0.00 freq=1
잔여분(미스트워터보틀2,굿즈명,,수기,0.00,보류,unmatched score=0.00 freq=1
잔여분(박스슬리브2),굿즈명,,수기,0.00,보류,unmatched score=0.00 freq=1
잔여분(밤부칫솔10),굿즈명,,수기,0.00,보류,unmatched score=0.00 freq=1
잔여분(밤부칫솔2,굿즈명,,수기,0.00,보류,unmatched score=0.00 freq=1
잔여분(밤부칫솔3,굿즈명,,수기,0.00,보류,unmatched score=0.00 freq=1
잔여분(밤부칫솔3),굿즈명,,수기,0.00,보류,unmatched score=0.00 freq=5
잔여분(밤부칫솔5),굿즈명,,수기,0.00,보류,unmatched score=0.00 freq=2
잔여분(밤부칫솔6),굿즈명,,수기,0.00,보류,unmatched score=0.00 freq=1
잔여분(방향제2),굿즈명,,수기,0.00,보류,unmatched score=0.00 freq=1
잔여분(방향제3,굿즈명,,수기,0.00,보류,unmatched score=0.00 freq=1
잔여분(밸류메모2,굿즈명,,수기,0.00,보류,unmatched score=0.00 freq=3
잔여분(밸류메모3,굿즈명,,수기,0.00,보류,unmatched score=0.00 freq=1
잔여분(밸류메모5,굿즈명,,수기,0.00,보류,unmatched score=0.00 freq=1
잔여분(밸류메모지1,굿즈명,,수기,0.00,보류,unmatched score=0.00 freq=1
잔여분(밸류메모지5,굿즈명,,수기,0.00,보류,unmatched score=0.00 freq=1
잔여분(밸류보드다어리2),굿즈명,,수기,0.00,보류,unmatched score=0.00 freq=1
잔여분(밸류보드다이어리2,굿즈명,,수기,0.00,보류,unmatched score=0.00 freq=1
잔여분(밸류보드다이어리2),굿즈명,,수기,0.00,보류,unmatched score=0.00 freq=1
잔여분(밸류보드다이어리3,굿즈명,,수기,0.00,보류,unmatched score=0.00 freq=2
잔여분(밸류보드다이어리3),굿즈명,,수기,0.00,보류,unmatched score=0.00 freq=1
잔여분(밸류보드다이어리4,굿즈명,,수기,0.00,보류,unmatched score=0.00 freq=1
잔여분(밸류보드다이어리4),굿즈명,,수기,0.00,보류,unmatched score=0.00 freq=1
잔여분(밸류보드다이어리5),굿즈명,,수기,0.00,보류,unmatched score=0.00 freq=1
잔여분(밸류보드다이어리7,굿즈명,,수기,0.00,보류,unmatched score=0.00 freq=1
잔여분(뱃지1,굿즈명,,수기,0.00,보류,unmatched score=0.00 freq=1
잔여분(뱃지5,굿즈명,,수기,0.00,보류,unmatched score=0.00 freq=1
잔여분(뱃지8,굿즈명,,수기,0.00,보류,unmatched score=0.00 freq=1
잔여분(버튼링노트1,굿즈명,,수기,0.00,보류,unmatched score=0.00 freq=1
잔여분(버티컬무선충전패드,굿즈명,,수기,0.00,보류,unmatched score=0.00 freq=1
잔여분(버티컬무선충전패드1,굿즈명,,수기,0.00,보류,unmatched score=0.00 freq=3
잔여분(버티컬무선충전패드2,굿즈명,,수기,0.00,보류,unmatched score=0.00 freq=1
잔여분(버티컬무충4,굿즈명,,수기,0.00,보류,unmatched score=0.00 freq=1
잔여분(버티컬무충패드,굿즈명,,수기,0.00,보류,unmatched score=0.00 freq=2
잔여분(버티컬무충패드1,굿즈명,,수기,0.00,보류,unmatched score=0.00 freq=2
잔여분(버티컬무충패드2),굿즈명,,수기,0.00,보류,unmatched score=0.00 freq=1
잔여분(버티컬무충패드4,굿즈명,,수기,0.00,보류,unmatched score=0.00 freq=1
잔여분(베이직도킹형보조배터리1,굿즈명,,수기,0.00,보류,unmatched score=0.00 freq=2
잔여분(베이직도킹형보조배터리1),굿즈명,,수기,0.00,보류,unmatched score=0.00 freq=3
잔여분(베이직도킹형보조배터리2),굿즈명,,수기,0.00,보류,unmatched score=0.00 freq=1
잔여분(벨류보드다이어리3),굿즈명,,수기,0.00,보류,unmatched score=0.00 freq=1
잔여분(보틀1,굿즈명,,수기,0.00,보류,unmatched score=0.00 freq=1
잔여분(볼마커1,굿즈명,,수기,0.00,보류,unmatched score=0.00 freq=1
잔여분(볼마커10),굿즈명,,수기,0.00,보류,unmatched score=0.00 freq=1
잔여분(볼마커2,굿즈명,,수기,0.00,보류,unmatched score=0.00 freq=1
잔여분(볼마커3),굿즈명,,수기,0.00,보류,unmatched score=0.00 freq=1
잔여분(브랜드잇1,굿즈명,,수기,0.00,보류,unmatched score=0.00 freq=3
잔여분(브랜드잇1),굿즈명,,수기,0.00,보류,unmatched score=0.00 freq=1
잔여분(브랜드잇2,굿즈명,,수기,0.00,보류,unmatched score=0.00 freq=2
잔여분(브랜드잇2),굿즈명,,수기,0.00,보류,unmatched score=0.00 freq=1
잔여분(브랜드잇3,굿즈명,,수기,0.00,보류,unmatched score=0.00 freq=1
잔여분(브랜드잇4,굿즈명,,수기,0.00,보류,unmatched score=0.00 freq=1
잔여분(브랜드잇5),굿즈명,,수기,0.00,보류,unmatched score=0.00 freq=1
잔여분(브랜드피규어2,굿즈명,,수기,0.00,보류,unmatched score=0.00 freq=1
잔여분(브랜디드노트북백1,굿즈명,,수기,0.00,보류,unmatched score=0.00 freq=1
잔여분(브랜디드노트북백1),굿즈명,,수기,0.00,보류,unmatched score=0.00 freq=1
잔여분(브랜디드노트북백2),굿즈명,,수기,0.00,보류,unmatched score=0.00 freq=1
잔여분(브랜디드타월1,굿즈명,,수기,0.50,보류,jaccard score=0.50 freq=1
잔여분(브랜디드타월2,굿즈명,,수기,0.50,보류,jaccard score=0.50 freq=1
잔여분(브랜디드피규어1,굿즈명,,수기,0.00,보류,unmatched score=0.00 freq=1
잔여분(브랜디드피규어2,굿즈명,,수기,0.00,보류,unmatched score=0.00 freq=1
잔여분(브랜디드피규어2),굿즈명,,수기,0.00,보류,unmatched score=0.00 freq=1
잔여분(브랜디드피규어3,굿즈명,,수기,0.00,보류,unmatched score=0.00 freq=2
잔여분(브랜디드피규어3),굿즈명,,수기,0.00,보류,unmatched score=0.00 freq=1
잔여분(브랜디드피규어세트1),굿즈명,,수기,0.00,보류,unmatched score=0.00 freq=1
잔여분(브랜디드피규어키트1,굿즈명,,수기,0.00,보류,unmatched score=0.00 freq=1
잔여분(브랜딩텍10),굿즈명,,수기,0.00,보류,unmatched score=0.00 freq=1
잔여분(브랭드피규어1),굿즈명,,수기,0.00,보류,unmatched score=0.00 freq=1
잔여분(브랭킷1),굿즈명,,수기,0.00,보류,unmatched score=0.00 freq=1
잔여분(브릭메모&캘린더스탠드2.0,굿즈명,,수기,0.00,보류,unmatched score=0.00 freq=1
잔여분(브릭메모&캘린더스탠드2.0키트2,굿즈명,,수기,0.00,보류,unmatched score=0.00 freq=1
잔여분(브릭메모&캘린더스탠드세트2,굿즈명,,수기,0.00,보류,unmatched score=0.00 freq=1
잔여분(브릭용캘린더10),굿즈명,,수기,0.00,보류,unmatched score=0.00 freq=1
잔여분(브링유어컵1,굿즈명,,수기,0.00,보류,unmatched score=0.00 freq=1
잔여분(브링유어컵1),굿즈명,,수기,0.00,보류,unmatched score=0.00 freq=1
잔여분(브링유어컵2,굿즈명,,수기,0.00,보류,unmatched score=0.00 freq=3
잔여분(브링유어텀블러3,굿즈명,,수기,0.00,보류,unmatched score=0.00 freq=1
잔여분(블랙펜2),굿즈명,,수기,0.00,보류,unmatched score=0.00 freq=1
잔여분(블랭킷1,굿즈명,,수기,0.00,보류,unmatched score=0.00 freq=1
잔여분(블랭킷1),굿즈명,,수기,0.00,보류,unmatched score=0.00 freq=2
잔여분(블랭킷2),굿즈명,,수기,0.00,보류,unmatched score=0.00 freq=1
잔여분(블랭킷무릎담요1),굿즈명,,수기,0.00,보류,unmatched score=0.00 freq=1
잔여분(비치타올1),굿즈명,,수기,0.00,보류,unmatched score=0.00 freq=1
잔여분(비치타올2,굿즈명,,수기,0.00,보류,unmatched score=0.00 freq=1
잔여분(사각스티커남은수량),굿즈명,,수기,0.00,보류,unmatched score=0.00 freq=1
잔여분(새니타이저4,굿즈명,,수기,0.00,보류,unmatched score=0.00 freq=1
잔여분(샤쉐향3),굿즈명,,수기,0.00,보류,unmatched score=0.00 freq=1
잔여분(샤오미마우스1,굿즈명,,수기,0.00,보류,unmatched score=0.00 freq=1
잔여분(센텐스펜1,굿즈명,,수기,0.00,보류,unmatched score=0.00 freq=1
잔여분(센텐스펜7),굿즈명,,수기,0.00,보류,unmatched score=0.00 freq=1
잔여분(셀렉티브전동오프너1),굿즈명,,수기,0.00,보류,unmatched score=0.00 freq=1
잔여분(손거울1,굿즈명,,수기,0.00,보류,unmatched score=0.00 freq=1
잔여분(수면안대1,굿즈명,,수기,0.00,보류,unmatched score=0.00 freq=2
잔여분(수면안대3),굿즈명,,수기,0.00,보류,unmatched score=0.00 freq=1
잔여분(슈가케인텀블러(빨대),굿즈명,,수기,0.00,보류,unmatched score=0.00 freq=1
잔여분(슈가케인텀블러1,굿즈명,,수기,0.00,보류,unmatched score=0.00 freq=3
잔여분(슈가케인펜1,굿즈명,,수기,0.00,보류,unmatched score=0.00 freq=2
잔여분(슈가케인펜1),굿즈명,,수기,0.00,보류,unmatched score=0.00 freq=1
잔여분(슈가케인펜2),굿즈명,,수기,0.00,보류,unmatched score=0.00 freq=1
잔여분(슈가케인펜4,굿즈명,,수기,0.00,보류,unmatched score=0.00 freq=1
잔여분(슈가펜1,굿즈명,,수기,0.00,보류,unmatched score=0.00 freq=4
잔여분(슈가펜3,굿즈명,,수기,0.00,보류,unmatched score=0.00 freq=1
잔여분(슈즈백3,굿즈명,,수기,0.00,보류,unmatched score=0.00 freq=1
잔여분(스라이드지퍼백4),굿즈명,,수기,0.00,보류,unmatched score=0.00 freq=1
잔여분(스탠드-업 칫솔세트1,굿즈명,,수기,0.00,보류,unmatched score=0.00 freq=1
잔여분(스탠드-업칫솔1,굿즈명,,수기,0.00,보류,unmatched score=0.00 freq=1
잔여분(스탠드-업칫솔세트1,굿즈명,,수기,0.00,보류,unmatched score=0.00 freq=4
잔여분(스탠드업칫솔1,굿즈명,,수기,0.00,보류,unmatched score=0.00 freq=1
잔여분(스탠드업칫솔3,굿즈명,,수기,0.00,보류,unmatched score=0.00 freq=1
잔여분(스탠드업칫솔4,굿즈명,,수기,0.00,보류,unmatched score=0.00 freq=1
잔여분(스탠딩선풍기1,굿즈명,,수기,0.00,보류,unmatched score=0.00 freq=1
잔여분(스탠리데일리텀블러1),굿즈명,,수기,0.00,보류,unmatched score=0.00 freq=1
잔여분(스텐머그1,굿즈명,,수기,0.00,보류,unmatched score=0.00 freq=2
잔여분(스텐머그1),굿즈명,,수기,0.00,보류,unmatched score=0.00 freq=1
잔여분(스텐머그2,굿즈명,,수기,0.00,보류,unmatched score=0.00 freq=1
잔여분(스트레치사원증홀더2,굿즈명,,수기,0.00,보류,unmatched score=0.00 freq=1
잔여분(스티치노트1,굿즈명,,수기,0.00,보류,unmatched score=0.00 freq=1
잔여분(스티치노트1),굿즈명,,수기,0.00,보류,unmatched score=0.00 freq=1
잔여분(스티치노트2,굿즈명,,수기,0.00,보류,unmatched score=0.00 freq=1
잔여분(스티치노트2),굿즈명,,수기,0.00,보류,unmatched score=0.00 freq=2
잔여분(스티치노트3,굿즈명,,수기,0.00,보류,unmatched score=0.00 freq=3
잔여분(스티치노트3),굿즈명,,수기,0.00,보류,unmatched score=0.00 freq=1
잔여분(스티치노트5),굿즈명,,수기,0.00,보류,unmatched score=0.00 freq=1
잔여분(스티커10),굿즈명,,수기,0.00,보류,unmatched score=0.00 freq=1
잔여분(스티커2,굿즈명,,수기,0.00,보류,unmatched score=0.00 freq=1
잔여분(스티커5,굿즈명,,수기,0.00,보류,unmatched score=0.00 freq=1
잔여분(스틱2),굿즈명,,수기,0.00,보류,unmatched score=0.00 freq=1
잔여분(스펙트럼컬러펜1,굿즈명,,수기,0.00,보류,unmatched score=0.00 freq=3
잔여분(스펙트럼컬러펜1),굿즈명,,수기,0.00,보류,unmatched score=0.00 freq=2
잔여분(스포츠보틀1,굿즈명,,수기,0.00,보류,unmatched score=0.00 freq=1
잔여분(스포츠타올1),굿즈명,,수기,0.00,보류,unmatched score=0.00 freq=1
잔여분(스프링노트2),굿즈명,,수기,0.00,보류,unmatched score=0.00 freq=2
잔여분(스프링노트3,굿즈명,,수기,0.00,보류,unmatched score=0.00 freq=3
잔여분(스프링노트3),굿즈명,,수기,0.00,보류,unmatched score=0.00 freq=2
잔여분(스프링노트4,굿즈명,,수기,0.00,보류,unmatched score=0.00 freq=1
잔여분(스프링노트5,굿즈명,,수기,0.00,보류,unmatched score=0.00 freq=8
잔여분(스프링노트5),굿즈명,,수기,0.00,보류,unmatched score=0.00 freq=3
잔여분(스프링노트6,굿즈명,,수기,0.00,보류,unmatched score=0.00 freq=1
잔여분(슬라이드지퍼백14),굿즈명,,수기,0.00,보류,unmatched score=0.00 freq=1
잔여분(슬라이드지퍼백5),굿즈명,,수기,0.00,보류,unmatched score=0.00 freq=2
잔여분(슬로건다이어리(표준)1,굿즈명,,수기,0.00,보류,unmatched score=0.00 freq=1
잔여분(슬로건다이어리(표준)1),굿즈명,,수기,0.00,보류,unmatched score=0.00 freq=1
잔여분(슬로건다이어리1,굿즈명,,수기,0.00,보류,unmatched score=0.00 freq=1
잔여분(슬로건타올2,굿즈명,,수기,0.00,보류,unmatched score=0.00 freq=1
잔여분(슬리브17,굿즈명,,수기,0.00,보류,unmatched score=0.00 freq=1
잔여분(슬림 터보선풍기1,굿즈명,,수기,0.00,보류,unmatched score=0.00 freq=1
잔여분(슬림보틀(화이트1),굿즈명,,수기,0.00,보류,unmatched score=0.00 freq=1
잔여분(슬림보틀1,굿즈명,,수기,0.00,보류,unmatched score=0.00 freq=1
잔여분(시그니차다이어리1,굿즈명,,수기,0.00,보류,unmatched score=0.00 freq=1
잔여분(시그니처다이어리(표준)1,굿즈명,,수기,0.00,보류,unmatched score=0.00 freq=1
잔여분(시그니처다이어리1),굿즈명,,수기,0.00,보류,unmatched score=0.00 freq=2
잔여분(시그니처다이어리16),굿즈명,,수기,0.00,보류,unmatched score=0.00 freq=1
잔여분(시그니처다이어리2),굿즈명,,수기,0.00,보류,unmatched score=0.00 freq=1
잔여분(심볼릭스테들러:필기구4종세트1,굿즈명,,수기,0.00,보류,unmatched score=0.00 freq=1
잔여분(심볼릭스테들러:필기구4종세트1),굿즈명,,수기,0.00,보류,unmatched score=0.00 freq=1
잔여분(싸파리뚜껑박스2),굿즈명,,수기,0.00,보류,unmatched score=0.00 freq=1
잔여분(썸네일캘린더4),굿즈명,,수기,0.00,보류,unmatched score=0.00 freq=1
잔여분(씨드키트3,굿즈명,,수기,0.00,보류,unmatched score=0.00 freq=1
잔여분(씨드키트셋트4),굿즈명,,수기,0.00,보류,unmatched score=0.00 freq=1
잔여분(씨앗3),굿즈명,,수기,0.00,보류,unmatched score=0.00 freq=1
잔여분(씬페이퍼10),굿즈명,,수기,0.00,보류,unmatched score=0.00 freq=1
잔여분(씬페이퍼봉투+스티커10),굿즈명,,수기,0.00,보류,unmatched score=0.00 freq=1
잔여분(씬페이퍼봉투+스티커6),굿즈명,,수기,0.00,보류,unmatched score=0.00 freq=1
잔여분(씬페이퍼봉투+스티커9),굿즈명,,수기,0.00,보류,unmatched score=0.00 freq=1
잔여분(씬페이퍼봉투10),굿즈명,,수기,0.00,보류,unmatched score=0.00 freq=1
잔여분(아이콘 케이블홀더2),굿즈명,,수기,0.00,보류,unmatched score=0.00 freq=1
잔여분(아이콘홀더1,굿즈명,,수기,0.00,보류,unmatched score=0.00 freq=1
잔여분(아크릴아이콘펜1,굿즈명,,수기,0.00,보류,unmatched score=0.00 freq=1
잔여분(아트워크레더다이어리2,굿즈명,,수기,0.00,보류,unmatched score=0.00 freq=1
잔여분(안전봉투1,굿즈명,,수기,0.00,보류,unmatched score=0.00 freq=1
잔여분(액티브 스포츠 타월2,굿즈명,,수기,0.00,보류,unmatched score=0.00 freq=1
잔여분(양우산1,굿즈명,,수기,0.00,보류,unmatched score=0.00 freq=2
잔여분(양우산1),굿즈명,,수기,0.00,보류,unmatched score=0.00 freq=2
잔여분(어썸그립1,굿즈명,,수기,0.00,보류,unmatched score=0.00 freq=1
잔여분(어태치보조배터리(C타입1,굿즈명,,수기,0.00,보류,unmatched score=0.00 freq=1
잔여분(어태치보조배터리2,굿즈명,,수기,0.00,보류,unmatched score=0.00 freq=1
잔여분(에디트캘린더2),굿즈명,,수기,0.00,보류,unmatched score=0.00 freq=1
잔여분(에디트캘린더3),굿즈명,,수기,0.00,보류,unmatched score=0.00 freq=1
잔여분(에디트캘린더4),굿즈명,,수기,0.00,보류,unmatched score=0.00 freq=1
잔여분(에코백)1,굿즈명,,수기,0.00,보류,unmatched score=0.00 freq=1
잔여분(에코백1,굿즈명,,수기,0.00,보류,unmatched score=0.00 freq=2
잔여분(오일-클린코튼2,굿즈명,,수기,0.00,보류,unmatched score=0.00 freq=1
잔여분(오일2,굿즈명,,수기,0.00,보류,unmatched score=0.00 freq=1
잔여분(오프너2,굿즈명,,수기,0.00,보류,unmatched score=0.00 freq=1
잔여분(오피스마우스패드1,굿즈명,,수기,0.00,보류,unmatched score=0.00 freq=3
잔여분(올데이텀블러1,굿즈명,,수기,0.00,보류,unmatched score=0.00 freq=6
잔여분(올데이텀블러1),굿즈명,,수기,0.00,보류,unmatched score=0.00 freq=1
잔여분(올데이텀블러2,굿즈명,,수기,0.00,보류,unmatched score=0.00 freq=1
잔여분(올블랙펜1,굿즈명,,수기,0.00,보류,unmatched score=0.00 freq=1
잔여분(와이드클립펜1),굿즈명,,수기,0.00,보류,unmatched score=0.00 freq=1
잔여분(와인오프너1,굿즈명,,수기,0.00,보류,unmatched score=0.00 freq=2
잔여분(와인오프너1),굿즈명,,수기,0.00,보류,unmatched score=0.00 freq=3
잔여분(와인잔1,굿즈명,,수기,0.00,보류,unmatched score=0.00 freq=1
잔여분(우드사인9),굿즈명,,수기,0.00,보류,unmatched score=0.00 freq=1
잔여분(유광파우치10),굿즈명,,수기,0.00,보류,unmatched score=0.00 freq=1
잔여분(유니크디퓨저1),굿즈명,,수기,0.00,보류,unmatched score=0.00 freq=1
잔여분(유리머그홈코스터없음1),굿즈명,,수기,0.00,보류,unmatched score=0.00 freq=4
잔여분(인마이백3,굿즈명,,수기,0.00,보류,unmatched score=0.00 freq=1
잔여분(임팩트슬로건타월2),굿즈명,,수기,0.00,보류,unmatched score=0.00 freq=1
잔여분(자동우산1),굿즈명,,수기,0.00,보류,unmatched score=0.00 freq=1
잔여분(잔여분(노트5,굿즈명,,수기,0.00,보류,unmatched score=0.00 freq=1
잔여분(절취노트5,굿즈명,,수기,0.00,보류,unmatched score=0.00 freq=1
잔여분(주차판피규어2),굿즈명,,수기,0.00,보류,unmatched score=0.00 freq=1
잔여분(지퍼백14,굿즈명,,수기,0.00,보류,unmatched score=0.00 freq=1
잔여분(지퍼백2,굿즈명,,수기,0.00,보류,unmatched score=0.00 freq=1
잔여분(짐색1,굿즈명,,수기,0.00,보류,unmatched score=0.00 freq=2
잔여분(칠링패드냉각선풍기1,굿즈명,,수기,0.00,보류,unmatched score=0.00 freq=1
잔여분(칫솔1),굿즈명,,수기,0.00,보류,unmatched score=0.00 freq=1
잔여분(칫솔2,굿즈명,,수기,0.00,보류,unmatched score=0.00 freq=4
잔여분(칫솔2),굿즈명,,수기,0.00,보류,unmatched score=0.00 freq=1
잔여분(칫솔5,굿즈명,,수기,0.00,보류,unmatched score=0.00 freq=1
잔여분(칫솔세트1,굿즈명,,수기,0.00,보류,unmatched score=0.00 freq=3
잔여분(칫솔세트1),굿즈명,,수기,0.00,보류,unmatched score=0.00 freq=1
잔여분(칫솔세트2,굿즈명,,수기,0.00,보류,unmatched score=0.00 freq=1
잔여분(칫솔키트1,굿즈명,,수기,0.00,보류,unmatched score=0.00 freq=1
잔여분(카드트레이피규어세트 + 브랜디드피규어11),굿즈명,,수기,0.00,보류,unmatched score=0.00 freq=1
잔여분(카드트레이피규어세트+피규어1,굿즈명,,수기,0.00,보류,unmatched score=0.00 freq=1
잔여분(카드트레이피규어세트1,굿즈명,,수기,0.00,보류,unmatched score=0.00 freq=1
잔여분(캘린더1,굿즈명,,수기,0.00,보류,unmatched score=0.00 freq=2
잔여분(캘린더2),굿즈명,,수기,0.00,보류,unmatched score=0.00 freq=5
잔여분(캘린더3,굿즈명,,수기,0.00,보류,unmatched score=0.00 freq=2
잔여분(캘린더3),굿즈명,,수기,0.00,보류,unmatched score=0.00 freq=3
잔여분(캘린더4,굿즈명,,수기,0.00,보류,unmatched score=0.00 freq=2
잔여분(캘린더5,굿즈명,,수기,0.00,보류,unmatched score=0.00 freq=2
잔여분(캘린더6),굿즈명,,수기,0.00,보류,unmatched score=0.00 freq=2
잔여분(캠핑체어1,굿즈명,,수기,0.00,보류,unmatched score=0.00 freq=1
잔여분(캡슐보틀1,굿즈명,,수기,0.00,보류,unmatched score=0.00 freq=1
잔여분(캡슐보틀2),굿즈명,,수기,0.00,보류,unmatched score=0.00 freq=1
잔여분(커넥트6in1케이블키트1,굿즈명,,수기,0.00,보류,unmatched score=0.00 freq=1
잔여분(커스텀페이퍼봉투10),굿즈명,,수기,0.00,보류,unmatched score=0.00 freq=1
잔여분(컬러펜1,굿즈명,,수기,0.00,보류,unmatched score=0.00 freq=2
잔여분(컬러펜1),굿즈명,,수기,0.00,보류,unmatched score=0.00 freq=1
잔여분(컬러펜10),굿즈명,,수기,0.00,보류,unmatched score=0.00 freq=1
잔여분(컬러펜2,굿즈명,,수기,0.00,보류,unmatched score=0.00 freq=1
잔여분(컬러풀노트패드(블랙)2),굿즈명,,수기,0.00,보류,unmatched score=0.00 freq=1
잔여분(컬러풀노트패드2),굿즈명,,수기,0.00,보류,unmatched score=0.00 freq=1
잔여분(컬러풀노트패드20),굿즈명,,수기,0.00,보류,unmatched score=0.00 freq=1
잔여분(컬러풀노트패드5),굿즈명,,수기,0.00,보류,unmatched score=0.00 freq=1
잔여분(코튼파우치1,굿즈명,,수기,0.00,보류,unmatched score=0.00 freq=1
잔여분(코튼파우치1),굿즈명,,수기,0.00,보류,unmatched score=0.00 freq=1
잔여분(콜드컵-아이콘없음)5,굿즈명,,수기,0.00,보류,unmatched score=0.00 freq=1
잔여분(콜드컵2,굿즈명,,수기,0.00,보류,unmatched score=0.00 freq=1
잔여분(콜드컵2),굿즈명,,수기,0.00,보류,unmatched score=0.00 freq=2
잔여분(쿨러백1,굿즈명,,수기,0.00,보류,unmatched score=0.00 freq=1
잔여분(클래시방향제1,굿즈명,,수기,0.00,보류,unmatched score=0.00 freq=1
잔여분(클래시차량용방향제세트1),굿즈명,,수기,0.00,보류,unmatched score=0.00 freq=1
잔여분(클래시프래그런스오일,굿즈명,,수기,0.00,보류,unmatched score=0.00 freq=1
잔여분(클래시프래그런스오일(1)5,굿즈명,,수기,0.00,보류,unmatched score=0.00 freq=1
잔여분(클레시방향제1,굿즈명,,수기,0.00,보류,unmatched score=0.00 freq=1
잔여분(클리어리유저블커1,굿즈명,,수기,0.00,보류,unmatched score=0.00 freq=1
잔여분(클리어리유저블컵(스탠다드)2,굿즈명,,수기,0.00,보류,unmatched score=0.00 freq=1
잔여분(클리어리유저블컵1,굿즈명,,수기,0.00,보류,unmatched score=0.00 freq=1
잔여분(클리어리유저블컵1),굿즈명,,수기,0.00,보류,unmatched score=0.00 freq=1
잔여분(클리어리유저블컵2,굿즈명,,수기,0.00,보류,unmatched score=0.00 freq=2
잔여분(클리어리유저블컵2),굿즈명,,수기,0.00,보류,unmatched score=0.00 freq=1
잔여분(클리어리유저블컵3),굿즈명,,수기,0.00,보류,unmatched score=0.00 freq=1
잔여분(클리어리유저블컵4,굿즈명,,수기,0.00,보류,unmatched score=0.00 freq=1
잔여분(클립아트펜2,굿즈명,,수기,0.00,보류,unmatched score=0.00 freq=1
잔여분(클립아트펜4,굿즈명,,수기,0.00,보류,unmatched score=0.00 freq=1
잔여분(클립아트펜화이트2,굿즈명,,수기,0.00,보류,unmatched score=0.00 freq=1
잔여분(키링1,굿즈명,,수기,0.00,보류,unmatched score=0.00 freq=2
잔여분(키링2,굿즈명,,수기,0.00,보류,unmatched score=0.00 freq=2
잔여분(키링3,굿즈명,,수기,0.00,보류,unmatched score=0.00 freq=1
잔여분(킵세이프마그넷배터리2,굿즈명,,수기,0.00,보류,unmatched score=0.00 freq=1
잔여분(킵세이프배터리1,굿즈명,,수기,0.00,보류,unmatched score=0.00 freq=1
잔여분(탁상시계1,굿즈명,,수기,0.00,보류,unmatched score=0.00 freq=1
잔여분(텀블러(슬리브없음)_1),굿즈명,,수기,0.00,보류,unmatched score=0.00 freq=1
잔여분(텀블러1,굿즈명,,수기,0.00,보류,unmatched score=0.00 freq=11
잔여분(텀블러1),굿즈명,,수기,0.00,보류,unmatched score=0.00 freq=1
잔여분(텀블러2,굿즈명,,수기,0.00,보류,unmatched score=0.00 freq=2
잔여분(텀블러3,굿즈명,,수기,0.00,보류,unmatched score=0.00 freq=1
잔여분(텀블러3),굿즈명,,수기,0.00,보류,unmatched score=0.00 freq=1
잔여분(텀블러슬리브없음1),굿즈명,,수기,0.00,보류,unmatched score=0.00 freq=2
잔여분(테크미니파우치1,굿즈명,,수기,0.00,보류,unmatched score=0.00 freq=1
잔여분(트래블파우치2),굿즈명,,수기,0.00,보류,unmatched score=0.00 freq=1
잔여분(트리플컬러펜1,굿즈명,,수기,0.00,보류,unmatched score=0.00 freq=1
잔여분(트리플컬러펜1),굿즈명,,수기,0.00,보류,unmatched score=0.00 freq=1
잔여분(파우치,굿즈명,,수기,0.00,보류,unmatched score=0.00 freq=2
잔여분(파우치)2,굿즈명,,수기,0.00,보류,unmatched score=0.00 freq=1
잔여분(파우치1,굿즈명,,수기,0.00,보류,unmatched score=0.00 freq=6
잔여분(파우치2,굿즈명,,수기,0.00,보류,unmatched score=0.00 freq=2
잔여분(파우치2),굿즈명,,수기,0.00,보류,unmatched score=0.00 freq=1
잔여분(파워업PD충전기65W1,굿즈명,PUPD,유사,0.40,보류,jaccard score=0.40 freq=1
잔여분(퍼블랭킷1),굿즈명,,수기,0.00,보류,unmatched score=0.00 freq=1
잔여분(페이퍼링캘린더2,굿즈명,,수기,0.00,보류,unmatched score=0.00 freq=1
잔여분(페이퍼링캘린더2),굿즈명,,수기,0.00,보류,unmatched score=0.00 freq=1
잔여분(페이퍼링캘린더3),굿즈명,,수기,0.00,보류,unmatched score=0.00 freq=1
잔여분(페이퍼링캘린더6,굿즈명,,수기,0.00,보류,unmatched score=0.00 freq=1
잔여분(펜,굿즈명,,수기,0.00,보류,unmatched score=0.00 freq=2
잔여분(펜1,굿즈명,,수기,0.00,보류,unmatched score=0.00 freq=2
잔여분(펜1),굿즈명,,수기,0.00,보류,unmatched score=0.00 freq=3
잔여분(펜2,굿즈명,,수기,0.00,보류,unmatched score=0.00 freq=2
잔여분(펜2),굿즈명,,수기,0.00,보류,unmatched score=0.00 freq=1
잔여분(펜3,굿즈명,,수기,0.00,보류,unmatched score=0.00 freq=2
잔여분(펜3),굿즈명,,수기,0.00,보류,unmatched score=0.00 freq=1
잔여분(포시즌블랭킷1),굿즈명,,수기,0.00,보류,unmatched score=0.00 freq=1
잔여분(포터블매터리,굿즈명,,수기,0.00,보류,unmatched score=0.00 freq=1
잔여분(풀커버스티치노트 1),굿즈명,,수기,0.00,보류,unmatched score=0.00 freq=1
잔여분(풀커버스티치노트(300개이하)1,굿즈명,,수기,0.00,보류,unmatched score=0.00 freq=1
잔여분(풀커버스티치노트(300개이하)2,굿즈명,,수기,0.00,보류,unmatched score=0.00 freq=1
잔여분(풀커버스티치노트1),굿즈명,,수기,0.00,보류,unmatched score=0.00 freq=2
잔여분(풀커버스티치노트10),굿즈명,,수기,0.00,보류,unmatched score=0.00 freq=1
잔여분(풀커버스티치노트2,굿즈명,,수기,0.00,보류,unmatched score=0.00 freq=4
잔여분(풀커버스티치노트2),굿즈명,,수기,0.00,보류,unmatched score=0.00 freq=2
잔여분(풀커버스티치노트3,굿즈명,,수기,0.00,보류,unmatched score=0.00 freq=2
잔여분(풀커버스티치노트3),굿즈명,,수기,0.00,보류,unmatched score=0.00 freq=3
잔여분(풀커버스티치노트4),굿즈명,,수기,0.00,보류,unmatched score=0.00 freq=1
잔여분(풀커버스티치노트6),굿즈명,,수기,0.00,보류,unmatched score=0.00 freq=1
잔여분(풀커버스프링노트4),굿즈명,,수기,0.00,보류,unmatched score=0.00 freq=2
잔여분(풀커버스프링노트5),굿즈명,,수기,0.00,보류,unmatched score=0.00 freq=1
잔여분(프라우드메모패드1),굿즈명,,수기,0.00,보류,unmatched score=0.00 freq=1
잔여분(프라우드투톤명함지갑(레디메이드)1,굿즈명,,수기,0.00,보류,unmatched score=0.00 freq=1
잔여분(프라임폴더블멀티충전기1,굿즈명,,수기,0.00,보류,unmatched score=0.00 freq=1
잔여분(프레시캘린더3,굿즈명,,수기,0.00,보류,unmatched score=0.00 freq=1
잔여분(프레시캘린더7),굿즈명,,수기,0.00,보류,unmatched score=0.00 freq=1
잔여분(피규어(1)3,굿즈명,,수기,0.00,보류,unmatched score=0.00 freq=2
잔여분(피규어1),굿즈명,,수기,0.00,보류,unmatched score=0.00 freq=1
잔여분(피규어2,굿즈명,,수기,0.00,보류,unmatched score=0.00 freq=4
잔여분(피규어2),굿즈명,,수기,0.00,보류,unmatched score=0.00 freq=2
잔여분(피규어2종,굿즈명,,수기,0.00,보류,unmatched score=0.00 freq=1
잔여분(피규어2종8 + 데코스티커20 + 포시즌티셔츠(L)2+볼캡4+짐색4 +투마이오피스슬리퍼(280)2 +즐겨봐(박스)1,굿즈명,,수기,0.00,보류,unmatched score=0.00 freq=1
잔여분(피규어3,굿즈명,,수기,0.00,보류,unmatched score=0.00 freq=2
잔여분(피규어3),굿즈명,,수기,0.00,보류,unmatched score=0.00 freq=1
잔여분(피규어4),굿즈명,,수기,0.00,보류,unmatched score=0.00 freq=1
잔여분(피규어5,굿즈명,,수기,0.00,보류,unmatched score=0.00 freq=1
잔여분(피규어키링(1)2,굿즈명,,수기,0.00,보류,unmatched score=0.00 freq=1
잔여분(피규어키링2),굿즈명,,수기,0.00,보류,unmatched score=0.00 freq=1
잔여분(피규어키링3,굿즈명,,수기,0.00,보류,unmatched score=0.00 freq=2
잔여분(피규어키링3),굿즈명,,수기,0.00,보류,unmatched score=0.00 freq=1
잔여분(피규어키링4,굿즈명,,수기,0.00,보류,unmatched score=0.00 freq=1
잔여분(피규어키링5),굿즈명,,수기,0.00,보류,unmatched score=0.00 freq=1
잔여분(피규어키트1),굿즈명,,수기,0.00,보류,unmatched score=0.00 freq=1
잔여분(하이킹폴딩방석1,굿즈명,,수기,0.00,보류,unmatched score=0.00 freq=2
잔여분(하이킹폴딩방석2,굿즈명,,수기,0.00,보류,unmatched score=0.00 freq=1
잔여분(핸드스트랩2,굿즈명,,수기,0.00,보류,unmatched score=0.00 freq=1
잔여분(핸드스트랩4),굿즈명,,수기,0.00,보류,unmatched score=0.00 freq=1
잔여분(헬로카드형USB(32GB),굿즈명,,수기,0.00,보류,unmatched score=0.00 freq=1
잔여분(헬로카드형USB1,굿즈명,,수기,0.00,보류,unmatched score=0.00 freq=1
잔여분(홈카페코스터1,굿즈명,,수기,0.00,보류,unmatched score=0.00 freq=1
잔여분(홈코스터2,굿즈명,,수기,0.00,보류,unmatched score=0.00 freq=1
잔여분(홈코스터3),굿즈명,,수기,0.00,보류,unmatched score=0.00 freq=1
잔여분),굿즈명,,수기,0.00,보류,unmatched score=0.00 freq=2
잔여분:다이어리1,굿즈명,,수기,0.00,보류,unmatched score=0.00 freq=1
잔여분:슈가케인펜1,굿즈명,,수기,0.00,보류,unmatched score=0.00 freq=1
잔여분:슈가펜3,굿즈명,,수기,0.00,보류,unmatched score=0.00 freq=1
잔여분:스트워터보틀1,굿즈명,,수기,0.00,보류,unmatched score=0.00 freq=1
잔여분:올데이텀블러1,굿즈명,,수기,0.00,보류,unmatched score=0.00 freq=1
잔여분:포켓마켓백2,굿즈명,,수기,0.00,보류,unmatched score=0.00 freq=1
잔여분:프라우드메모패드2,굿즈명,,수기,0.00,보류,unmatched score=0.00 freq=1
잔여분:헬로카드형USB,굿즈명,,수기,0.00,보류,unmatched score=0.00 freq=1
잔여분디자이너노트4),굿즈명,,수기,0.00,보류,unmatched score=0.00 freq=1
잔여븐(매트블랙텀블러1,굿즈명,,수기,0.00,보류,unmatched score=0.00 freq=1
잔여제품,굿즈명,,수기,0.00,보류,unmatched score=0.00 freq=1
장우산,굿즈명,,수기,0.00,보류,unmatched score=0.00 freq=2
재임가공,굿즈명,,수기,0.00,보류,unmatched score=0.00 freq=2
재임가공(사각스티커+단품박스)10,굿즈명,,수기,0.00,보류,unmatched score=0.00 freq=1
재제작 슈즈백,굿즈명,,수기,0.00,보류,unmatched score=0.00 freq=1
전략기획본부(즐겨봐박스,굿즈명,,수기,0.00,보류,unmatched score=0.00 freq=1
전량,굿즈명,,수기,0.00,보류,unmatched score=0.00 freq=3
전문 클리커,굿즈명,,수기,0.00,보류,unmatched score=0.00 freq=1
정유경PL(22),굿즈명,,수기,0.00,보류,unmatched score=0.00 freq=1
정희재PL(12),굿즈명,,수기,0.00,보류,unmatched score=0.00 freq=1
제비종이(비스포크),굿즈명,,수기,0.00,보류,unmatched score=0.00 freq=1
제품 에이원->꾸띠잔홀딩스 회수진행물류신청,굿즈명,,수기,0.00,보류,unmatched score=0.00 freq=1
주의사항스티커221,굿즈명,,수기,0.00,보류,unmatched score=0.00 freq=1
주의사항표기서302,굿즈명,,수기,0.00,보류,unmatched score=0.00 freq=1
주의사항표기택(골든뱀부),굿즈명,,수기,0.00,보류,unmatched score=0.00 freq=1
주차번호판피규어세트,굿즈명,,수기,0.00,보류,unmatched score=0.00 freq=10
주차번호판피규어세트 + 브랜디드피규어,굿즈명,,수기,0.00,보류,unmatched score=0.00 freq=8
주차번호판피규어세트 + 카드트레이피규어세트,굿즈명,,수기,0.00,보류,unmatched score=0.00 freq=1
주차번호판피규어세트+브랜디드피규어,굿즈명,,수기,0.00,보류,unmatched score=0.00 freq=1
중소,굿즈명,,수기,0.00,보류,unmatched score=0.00 freq=2
중소박스 14*,굿즈명,,수기,0.00,보류,unmatched score=0.00 freq=1
중심 클리커,굿즈명,,수기,0.00,보류,unmatched score=0.00 freq=1
지지대(Tower)_블랙,굿즈명,,수기,0.00,보류,unmatched score=0.00 freq=1
지지대10),굿즈명,,수기,0.00,보류,unmatched score=0.00 freq=1
지지대250,굿즈명,,수기,0.00,보류,unmatched score=0.00 freq=1
지지대60,굿즈명,,수기,0.00,보류,unmatched score=0.00 freq=1
지지박스,굿즈명,,수기,0.00,보류,unmatched score=0.00 freq=3
지지박스1,굿즈명,,수기,0.00,보류,unmatched score=0.00 freq=1
지퍼백1,굿즈명,,수기,0.00,보류,unmatched score=0.00 freq=2
지퍼백1),굿즈명,,수기,0.00,보류,unmatched score=0.00 freq=1
지퍼백10),굿즈명,,수기,0.00,보류,unmatched score=0.00 freq=1
지퍼백2),굿즈명,,수기,0.00,보류,unmatched score=0.00 freq=1
지퍼백키트),굿즈명,,수기,0.00,보류,unmatched score=0.00 freq=1
짐색 키트(포시즌블랭킷,굿즈명,,수기,0.00,보류,unmatched score=0.00 freq=1
차량용청소기 샘플,굿즈명,,수기,0.00,보류,unmatched score=0.00 freq=1
챔피언피규어시상대세트(판넬)50,굿즈명,,수기,0.00,보류,unmatched score=0.00 freq=1
챔피언피규어트로피 [남],굿즈명,,수기,0.00,보류,unmatched score=0.00 freq=1
챔피언피규어트로피 [여],굿즈명,,수기,0.00,보류,unmatched score=0.00 freq=1
챔피언피규어트로피[남],굿즈명,,수기,0.00,보류,unmatched score=0.00 freq=1
챔피언피규어트로피[여],굿즈명,,수기,0.00,보류,unmatched score=0.00 freq=1
청소기 무지,굿즈명,,수기,0.00,보류,unmatched score=0.00 freq=1
총108,굿즈명,,수기,0.00,보류,unmatched score=0.00 freq=1
총118,굿즈명,,수기,0.00,보류,unmatched score=0.00 freq=1
총124,굿즈명,,수기,0.00,보류,unmatched score=0.00 freq=1
총130,굿즈명,,수기,0.00,보류,unmatched score=0.00 freq=1
총15,굿즈명,,수기,0.00,보류,unmatched score=0.00 freq=1
총153,굿즈명,,수기,0.00,보류,unmatched score=0.00 freq=1
총17,굿즈명,,수기,0.00,보류,unmatched score=0.00 freq=1
총244,굿즈명,,수기,0.00,보류,unmatched score=0.00 freq=1
총247,굿즈명,,수기,0.00,보류,unmatched score=0.00 freq=1
총256,굿즈명,,수기,0.00,보류,unmatched score=0.00 freq=1
총274,굿즈명,,수기,0.00,보류,unmatched score=0.00 freq=1
총300,굿즈명,,수기,0.00,보류,unmatched score=0.00 freq=1
총55,굿즈명,,수기,0.00,보류,unmatched score=0.00 freq=1
총564,굿즈명,,수기,0.00,보류,unmatched score=0.00 freq=1
총58,굿즈명,,수기,0.00,보류,unmatched score=0.00 freq=1
총877,굿즈명,,수기,0.00,보류,unmatched score=0.00 freq=1
충전기1,굿즈명,,수기,0.00,보류,unmatched score=0.00 freq=1
충전재),굿즈명,,수기,0.00,보류,unmatched score=0.00 freq=1
치약,굿즈명,,수기,0.00,보류,unmatched score=0.00 freq=1
치약 지퍼백,굿즈명,,수기,0.00,보류,unmatched score=0.00 freq=1
치약1,굿즈명,,수기,0.00,보류,unmatched score=0.00 freq=4
치약1),굿즈명,,수기,0.00,보류,unmatched score=0.00 freq=2
치약2),굿즈명,,수기,0.00,보류,unmatched score=0.00 freq=2
치약3,굿즈명,,수기,0.00,보류,unmatched score=0.00 freq=1
치약세트1,굿즈명,,수기,0.00,보류,unmatched score=0.00 freq=1
치약세트3,굿즈명,,수기,0.00,보류,unmatched score=0.00 freq=1
칠링패드냉각선풍기2,굿즈명,,수기,0.00,보류,unmatched score=0.00 freq=1
칠링패드냉각선풍기[스티커O],굿즈명,,수기,0.00,보류,unmatched score=0.00 freq=1
칠링패드냉각선풍기[스티커X],굿즈명,,수기,0.00,보류,unmatched score=0.00 freq=1
칫솔단품2,굿즈명,,수기,0.00,보류,unmatched score=0.00 freq=1
칫솔살균기 에폭시스티커,굿즈명,,수기,0.00,보류,unmatched score=0.00 freq=1
칫솔살균기1,굿즈명,,수기,0.00,보류,unmatched score=0.00 freq=2
칫솔살균기1),굿즈명,,수기,0.00,보류,unmatched score=0.00 freq=8
칫솔살균기2,굿즈명,,수기,0.00,보류,unmatched score=0.00 freq=3
칫솔살균기3),굿즈명,,수기,0.00,보류,unmatched score=0.00 freq=1
칫솔세트1,굿즈명,,수기,0.00,보류,unmatched score=0.00 freq=6
칫솔세트1),굿즈명,,수기,0.00,보류,unmatched score=0.00 freq=4
칫솔셋트1),굿즈명,,수기,0.00,보류,unmatched score=0.00 freq=1
칫솔셋트2 펜2,굿즈명,,수기,0.00,보류,unmatched score=0.00 freq=1
칫솔케이스(샘플)-,굿즈명,,수기,0.00,보류,unmatched score=0.00 freq=1
칫솔케이스1),굿즈명,,수기,0.00,보류,unmatched score=0.00 freq=1
칫솔케이스3),굿즈명,,수기,0.00,보류,unmatched score=0.00 freq=1
칫솔키트1,굿즈명,,수기,0.00,보류,unmatched score=0.00 freq=2
칫솔키트1),굿즈명,,수기,0.00,보류,unmatched score=0.00 freq=2
칫솔키트2),굿즈명,,수기,0.00,보류,unmatched score=0.00 freq=1
카드트레이 배경지,굿즈명,,수기,0.00,보류,unmatched score=0.00 freq=1
카드트레이피규어 세트,굿즈명,,수기,1.00,보류,jaccard score=1.00 freq=2
카드트레이피규어세트,굿즈명,,수기,1.00,보류,jaccard score=1.00 freq=29
카드트레이피규어세트 + 브랜디드피규어,굿즈명,,수기,0.00,보류,unmatched score=0.00 freq=15
카드트레이피규어세트 +브랜디드피규어,굿즈명,,수기,0.00,보류,unmatched score=0.00 freq=1
카드트레이피규어세트+브랜디드피규어,굿즈명,,수기,0.00,보류,unmatched score=0.00 freq=1
카드트레이피규어세트1),굿즈명,,수기,0.00,보류,unmatched score=0.00 freq=1
카드트레이피규어세트2,굿즈명,,수기,0.00,보류,unmatched score=0.00 freq=1
카메라,굿즈명,,수기,0.00,보류,unmatched score=0.00 freq=1
캐리미와인잔,굿즈명,,수기,0.00,보류,unmatched score=0.00 freq=1
캔버스피크닉매트,굿즈명,,수기,0.00,보류,unmatched score=0.00 freq=7
캔버스피크닉매트(1인용)1,굿즈명,,수기,0.00,보류,unmatched score=0.00 freq=1
캔버스피크닉매트(2인용) + 스티커,굿즈명,,수기,0.00,보류,unmatched score=0.00 freq=1
캔버스피크닉매트+인쇄,굿즈명,,수기,0.00,보류,unmatched score=0.00 freq=2
캘린더 +안전봉투,굿즈명,,수기,0.00,보류,unmatched score=0.00 freq=1
캘린더 사각스티커,굿즈명,,수기,0.00,보류,unmatched score=0.00 freq=1
캘린더+안전봉투,굿즈명,,수기,0.00,보류,unmatched score=0.00 freq=2
캘린더3밸류메모큐브3),굿즈명,,수기,0.00,보류,unmatched score=0.00 freq=1
캠핑체어 체어원단,굿즈명,,수기,0.00,보류,unmatched score=0.00 freq=1
캠핑체어 파우치,굿즈명,,수기,0.00,보류,unmatched score=0.00 freq=1
캠핑체어+와인잔 키트,굿즈명,,수기,0.00,보류,unmatched score=0.00 freq=1
캠핑쿨러 무지,굿즈명,,수기,0.00,보류,unmatched score=0.00 freq=1
캡슐씨앗,굿즈명,,수기,0.00,보류,unmatched score=0.00 freq=1
캡슐씨앗500,굿즈명,,수기,0.00,보류,unmatched score=0.00 freq=1
커스텀 외박스,굿즈명,,수기,0.00,보류,unmatched score=0.00 freq=1
커스텀스탠다드박스,굿즈명,,수기,0.00,보류,unmatched score=0.00 freq=1
커패2),굿즈명,,수기,0.00,보류,unmatched score=0.00 freq=1
컬러펜2종1),굿즈명,,수기,0.00,보류,unmatched score=0.00 freq=1
컬러풀노트패드(블랙)+opp,굿즈명,,수기,0.00,보류,unmatched score=0.00 freq=1
컬러풀노트패드1),굿즈명,,수기,0.00,보류,unmatched score=0.00 freq=1
컬리 키트,굿즈명,,수기,0.00,보류,unmatched score=0.00 freq=5
컬리키트,굿즈명,,수기,0.00,보류,unmatched score=0.00 freq=4
컬리키트2(우산+텀블러),굿즈명,,수기,0.00,보류,unmatched score=0.00 freq=2
컬리키트2(우산+텀블러)200,굿즈명,,수기,0.00,보류,unmatched score=0.00 freq=1
컴포트스텐머그1),굿즈명,,수기,0.00,보류,unmatched score=0.00 freq=1
케어키버 클리커,굿즈명,,수기,0.00,보류,unmatched score=0.00 freq=1
케이스1,굿즈명,,수기,0.00,보류,unmatched score=0.00 freq=1
코인,굿즈명,,수기,0.00,보류,unmatched score=0.00 freq=1
코튼스트링파우치+인쇄,굿즈명,,수기,0.00,보류,unmatched score=0.00 freq=2
콘텐츠사업본부(즐겨봐박스,굿즈명,,수기,0.00,보류,unmatched score=0.00 freq=1
콘폼,굿즈명,,수기,0.00,보류,unmatched score=0.00 freq=2
콘폼60,굿즈명,,수기,0.00,보류,unmatched score=0.00 freq=1
쿨러백 opp,굿즈명,,수기,0.00,보류,unmatched score=0.00 freq=1
쿨러백1,굿즈명,,수기,0.00,보류,unmatched score=0.00 freq=1
쿨러백2,굿즈명,,수기,0.00,보류,unmatched score=0.00 freq=1
쿨러백2),굿즈명,,수기,0.00,보류,unmatched score=0.00 freq=1
쿨러백opp100,굿즈명,,수기,0.00,보류,unmatched score=0.00 freq=1
쿨러백키트,굿즈명,,수기,0.00,보류,unmatched score=0.00 freq=2
퀄리티슬리브박스 슬리브,굿즈명,,수기,0.00,보류,unmatched score=0.00 freq=1
퀄리티슬리브박스 트레이,굿즈명,,수기,0.00,보류,unmatched score=0.00 freq=1
큐브메모3),굿즈명,,수기,0.00,보류,unmatched score=0.00 freq=1
클라우드피크닉매트(1인용),굿즈명,,수기,0.00,보류,unmatched score=0.00 freq=1
클라우드피크닉매트(2인용),굿즈명,,수기,0.00,보류,unmatched score=0.00 freq=1
클래시방향제,굿즈명,,수기,0.00,보류,unmatched score=0.00 freq=1
클래시차량용방향제 152+여유수량,굿즈명,,수기,0.00,보류,unmatched score=0.00 freq=1
클래시차량용방향제 여유수량2,굿즈명,,수기,0.00,보류,unmatched score=0.00 freq=1
클래시차량용방향제+인쇄,굿즈명,,수기,0.00,보류,unmatched score=0.00 freq=2
클래시차량용방향제1,굿즈명,,수기,0.00,보류,unmatched score=0.00 freq=2
클래시프래그런스오일(2)5),굿즈명,,수기,0.00,보류,unmatched score=0.00 freq=1
클리어 리유저블컵 브라운,굿즈명,,수기,0.00,보류,unmatched score=0.00 freq=1
클리어 리유저블컵 블루,굿즈명,,수기,0.00,보류,unmatched score=0.00 freq=1
클리어 리유저블컵1),굿즈명,,수기,0.00,보류,unmatched score=0.00 freq=1
클리어리유저블(스트로우),굿즈명,,수기,0.00,보류,unmatched score=0.00 freq=3
클리어리유저블(스트로우)1,굿즈명,,수기,0.00,보류,unmatched score=0.00 freq=1
클리어리유저블1,굿즈명,,수기,0.00,보류,unmatched score=0.00 freq=1
클리어리유저블컵(스탠다드)1,굿즈명,,수기,0.00,보류,unmatched score=0.00 freq=1
클리어리유저블컵(스탠다드)2),굿즈명,,수기,0.00,보류,unmatched score=0.00 freq=1
클리어리유저블컵(스탠다드)재임가공,굿즈명,,수기,0.00,보류,unmatched score=0.00 freq=2
클리어리유저블컵+비닐,굿즈명,,수기,0.00,보류,unmatched score=0.00 freq=1
클리어리유저블컵+스트로우리드,굿즈명,,수기,0.00,보류,unmatched score=0.00 freq=1
클리어리유저블컵1),굿즈명,,수기,0.00,보류,unmatched score=0.00 freq=1
클리어리유저블컵10),굿즈명,,수기,0.00,보류,unmatched score=0.00 freq=1
클리어리유저블컵2),굿즈명,,수기,0.00,보류,unmatched score=0.00 freq=2
클리어리유져블컵,굿즈명,,수기,0.00,보류,unmatched score=0.00 freq=1
클린코튼향2),굿즈명,,수기,0.00,보류,unmatched score=0.00 freq=1
클립아트펜1,굿즈명,,수기,0.00,보류,unmatched score=0.00 freq=2
클립아트펜1),굿즈명,,수기,0.00,보류,unmatched score=0.00 freq=1
클립아트펜3,굿즈명,,수기,0.00,보류,unmatched score=0.00 freq=2
클립아트펜3),굿즈명,,수기,0.00,보류,unmatched score=0.00 freq=2
클립아트펜5,굿즈명,,수기,0.00,보류,unmatched score=0.00 freq=1
클립아트펜[나나],굿즈명,,수기,0.00,보류,unmatched score=0.00 freq=1
클립아트펜[리제],굿즈명,,수기,0.00,보류,unmatched score=0.00 freq=1
클립아트펜[리코],굿즈명,,수기,0.00,보류,unmatched score=0.00 freq=1
클립아트펜[린],굿즈명,,수기,0.00,보류,unmatched score=0.00 freq=1
클립아트펜[마시로],굿즈명,,수기,0.00,보류,unmatched score=0.00 freq=1
클립아트펜[민트],굿즈명,,수기,0.00,보류,unmatched score=0.00 freq=1
클립아트펜[시부키],굿즈명,,수기,0.00,보류,unmatched score=0.00 freq=1
클립아트펜[유니],굿즈명,,수기,0.00,보류,unmatched score=0.00 freq=1
클립아트펜[타비],굿즈명,,수기,0.00,보류,unmatched score=0.00 freq=1
클립아트펜[핑크],굿즈명,,수기,0.00,보류,unmatched score=0.00 freq=1
클립아트펜[히나],굿즈명,,수기,0.00,보류,unmatched score=0.00 freq=1
클립아트펜레드2),굿즈명,,수기,0.00,보류,unmatched score=0.00 freq=1
큻립펜1),굿즈명,,수기,0.00,보류,unmatched score=0.00 freq=1
키링1개),굿즈명,,수기,0.00,보류,unmatched score=0.00 freq=1
키링4종각,굿즈명,,수기,0.00,보류,unmatched score=0.00 freq=1
키트,굿즈명,,수기,0.50,보류,jaccard score=0.50 freq=21
키트 (곰),굿즈명,,수기,0.50,보류,jaccard score=0.50 freq=2
키트 (그린 다이어리,굿즈명,,수기,0.00,보류,unmatched score=0.00 freq=1
키트 (농구버전),굿즈명,,수기,0.50,보류,jaccard_norm score=0.50 freq=1
키트 (다이어리없음),굿즈명,,수기,0.50,보류,jaccard_norm score=0.50 freq=1
키트 (다이어리포함),굿즈명,,수기,0.50,보류,jaccard_norm score=0.50 freq=1
키트 (배틀건쉽버전),굿즈명,,수기,0.50,보류,jaccard_norm score=0.50 freq=1
키트 (블루루수건),굿즈명,,수기,0.50,보류,jaccard_norm score=0.50 freq=1
키트 (블루수건),굿즈명,,수기,0.50,보류,jaccard_norm score=0.50 freq=1
키트 (호랑이),굿즈명,,수기,0.50,보류,jaccard_norm score=0.50 freq=2
키트 (화이트),굿즈명,,수기,0.50,보류,jaccard_norm score=0.50 freq=1
키트 (화이트그린 투톤다이어리,굿즈명,,수기,0.00,보류,unmatched score=0.00 freq=1
키트 (화이트수건),굿즈명,,수기,0.50,보류,jaccard_norm score=0.50 freq=2
키트 스티커,굿즈명,,수기,0.00,보류,unmatched score=0.00 freq=1
키트 화이트,굿즈명,,수기,0.00,보류,unmatched score=0.00 freq=4
키트A,굿즈명,,수기,0.50,보류,jaccard score=0.50 freq=1
키트B,굿즈명,,수기,0.50,보류,jaccard score=0.50 freq=1
킵세이프,굿즈명,,수기,0.00,보류,unmatched score=0.00 freq=2
킵세이프1),굿즈명,,수기,0.00,보류,unmatched score=0.00 freq=1
킵세이프마그넷배터리 30개(무지제품),굿즈명,,수기,0.00,보류,unmatched score=0.00 freq=1
킵세이프마그넷배터리 UV,굿즈명,,수기,0.00,보류,unmatched score=0.00 freq=1
킵세이프마그넷배터리 ver2,굿즈명,,수기,0.00,보류,unmatched score=0.00 freq=1
킵세이프마그넷배터리1,굿즈명,,수기,0.00,보류,unmatched score=0.00 freq=3
킵세이프마그넷배터리100,굿즈명,,수기,0.00,보류,unmatched score=0.00 freq=1
킵세이프마그넷배터리2.0,굿즈명,,수기,0.00,보류,unmatched score=0.00 freq=1
킵세이프마그넷배터리MA,굿즈명,,수기,0.00,보류,unmatched score=0.00 freq=1
킵세이프마그넷배터리Ma,굿즈명,,수기,0.00,보류,unmatched score=0.00 freq=27
킵세이프마그넷배터리Max1),굿즈명,,수기,0.00,보류,unmatched score=0.00 freq=2
킵세이프마그넷배터리Slim1,굿즈명,,수기,0.00,보류,unmatched score=0.00 freq=2
킵세이프마그넷배터리Slim1 ),굿즈명,,수기,0.00,보류,unmatched score=0.00 freq=1
킵세이프마그넷배터리Slim100,굿즈명,,수기,0.00,보류,unmatched score=0.00 freq=1
킵세이프마그넷배터리ver2,굿즈명,,수기,0.00,보류,unmatched score=0.00 freq=19
킵세이프무충1),굿즈명,,수기,0.00,보류,unmatched score=0.00 freq=1
킵세이프밧데리1,굿즈명,,수기,0.00,보류,unmatched score=0.00 freq=1
킵세이프밧데리1),굿즈명,,수기,0.00,보류,unmatched score=0.00 freq=1
타올1,굿즈명,,수기,0.00,보류,unmatched score=0.00 freq=1
타올2,굿즈명,,수기,0.00,보류,unmatched score=0.00 freq=1
택끈+택50,굿즈명,,수기,0.00,보류,unmatched score=0.00 freq=1
택끈500,굿즈명,,수기,0.00,보류,unmatched score=0.00 freq=1
택끈카키,굿즈명,,수기,0.00,보류,unmatched score=0.00 freq=1
텀블러 쇼핑백,굿즈명,,수기,0.00,보류,unmatched score=0.00 freq=2
텀블러류지지박스,굿즈명,,수기,0.00,보류,unmatched score=0.00 freq=2
텀블러류지지박스100,굿즈명,,수기,0.00,보류,unmatched score=0.00 freq=1
텀블러류지지박스50+노트류지지대50,굿즈명,,수기,0.00,보류,unmatched score=0.00 freq=1
텀블러류지지박스_블랙,굿즈명,,수기,0.00,보류,unmatched score=0.00 freq=2
텀블러용 지지박스,굿즈명,,수기,0.00,보류,unmatched score=0.00 freq=1
텀블러지지대100,굿즈명,,수기,0.00,보류,unmatched score=0.00 freq=1
텀블러지지박스,굿즈명,,수기,0.00,보류,unmatched score=0.00 freq=1
텀블러하단100,굿즈명,,수기,0.00,보류,unmatched score=0.00 freq=1
테이프 등),굿즈명,,수기,0.00,보류,unmatched score=0.00 freq=1
테일러드 박스 키트,굿즈명,,수기,0.00,보류,unmatched score=0.00 freq=1
테일러드 박스 키트 (230),굿즈명,,수기,0.00,보류,unmatched score=0.00 freq=1
테일러드 박스 키트 (240),굿즈명,,수기,0.00,보류,unmatched score=0.00 freq=1
테일러드 박스 키트 (250),굿즈명,,수기,0.00,보류,unmatched score=0.00 freq=1
테일러드 박스 키트 (260),굿즈명,,수기,0.00,보류,unmatched score=0.00 freq=1
테일러드 박스 키트 (270),굿즈명,,수기,0.00,보류,unmatched score=0.00 freq=1
테일러드 박스 키트 (280),굿즈명,,수기,0.00,보류,unmatched score=0.00 freq=1
테일러드 키트,굿즈명,,수기,0.00,보류,unmatched score=0.00 freq=3
테일러드박스 슬리브 샘플,굿즈명,,수기,0.00,보류,unmatched score=0.00 freq=1
테일러드박스키트,굿즈명,,수기,0.00,보류,unmatched score=0.00 freq=1
테크미니파우치1,굿즈명,,수기,0.00,보류,unmatched score=0.00 freq=3
톤앤톤쿨러백,굿즈명,,수기,0.00,보류,unmatched score=0.00 freq=5
톤앤톤쿨러백 키트,굿즈명,,수기,0.00,보류,unmatched score=0.00 freq=1
톤앤톤쿨러백(OPP X),굿즈명,,수기,0.00,보류,unmatched score=0.00 freq=1
톤앤톤쿨러백(단품) 재임가공,굿즈명,,수기,0.00,보류,unmatched score=0.00 freq=1
톤앤톤쿨러백(단품)350,굿즈명,,수기,0.00,보류,unmatched score=0.00 freq=1
톤앤톤쿨러백(키트) 키트,굿즈명,,수기,0.00,보류,unmatched score=0.00 freq=1
톤앤톤쿨러백(키트)+웰컴페이퍼,굿즈명,,수기,0.00,보류,unmatched score=0.00 freq=9
톤앤톤쿨러백(키트)100,굿즈명,,수기,0.00,보류,unmatched score=0.00 freq=1
투마일오피스슬리퍼 (240 :,굿즈명,,수기,0.00,보류,unmatched score=0.00 freq=1
투마일오피스슬리퍼 + 펠트파우치,굿즈명,,수기,0.00,보류,unmatched score=0.00 freq=1
투마일오피스슬리퍼 100(260),굿즈명,,수기,0.00,보류,unmatched score=0.00 freq=1
투마일오피스슬리퍼50,굿즈명,,수기,0.00,보류,unmatched score=0.00 freq=1
투명손잡이 백 키트,굿즈명,,수기,0.00,보류,unmatched score=0.00 freq=1
투명손잡이지퍼백,굿즈명,,수기,0.00,보류,unmatched score=0.00 freq=1
투웨이 에코쇼핑백 -,굿즈명,,수기,0.00,보류,unmatched score=0.00 freq=1
투웨이쇼핑벡,굿즈명,,수기,0.00,보류,unmatched score=0.00 freq=1
트래블 충전기 3종세트,굿즈명,,수기,0.00,보류,unmatched score=0.00 freq=1
트래블목베게1,굿즈명,,수기,0.00,보류,unmatched score=0.00 freq=1
트래블파우치,굿즈명,,수기,0.00,보류,unmatched score=0.00 freq=1
트래블파우치1,굿즈명,,수기,0.00,보류,unmatched score=0.00 freq=1
트래블파우치3),굿즈명,,수기,0.00,보류,unmatched score=0.00 freq=1
트러플펜1,굿즈명,,수기,0.00,보류,unmatched score=0.00 freq=1
트리플컬러펜,굿즈명,,수기,0.00,보류,unmatched score=0.00 freq=2
트리플컬러펜 1),굿즈명,,수기,0.00,보류,unmatched score=0.00 freq=1
트리플컬러펜1,굿즈명,,수기,0.00,보류,unmatched score=0.00 freq=4
트리플컬러펜∣JETSTREAM 100+,굿즈명,,수기,0.00,보류,unmatched score=0.00 freq=1
트리플컬러펜∣JETSTREAM1,굿즈명,,수기,0.00,보류,unmatched score=0.00 freq=1
트리플펜1,굿즈명,,수기,0.00,보류,unmatched score=0.00 freq=2
트리플펜1),굿즈명,,수기,0.00,보류,unmatched score=0.00 freq=1
트리플펜1개),굿즈명,,수기,0.00,보류,unmatched score=0.00 freq=1
틴케이스 인쇄 샘플 제작 건,굿즈명,,수기,0.00,보류,unmatched score=0.00 freq=1
파우치1데코스티커5),굿즈명,,수기,0.00,보류,unmatched score=0.00 freq=1
파우치키트2,굿즈명,,수기,0.00,보류,unmatched score=0.00 freq=1
판넬100,굿즈명,,수기,0.00,보류,unmatched score=0.00 freq=1
팝업스토어피규어세트,굿즈명,,수기,0.00,보류,unmatched score=0.00 freq=4
패드인쇄(아이콘 펜),굿즈명,,수기,0.00,보류,unmatched score=0.00 freq=1
패션 더스트백 키트,굿즈명,,수기,0.67,보류,jaccard score=0.67 freq=1
팰트파우치1,굿즈명,,수기,0.00,보류,unmatched score=0.00 freq=1
퍼블랭킷,굿즈명,,수기,0.00,보류,unmatched score=0.00 freq=2
퍼블랭킷 키트,굿즈명,,수기,0.00,보류,unmatched score=0.00 freq=1
퍼블랭킷(무릎담요) + 펠트스트링파우치,굿즈명,,수기,0.00,보류,unmatched score=0.00 freq=1
퍼블랭킷+인쇄,굿즈명,,수기,0.00,보류,unmatched score=0.00 freq=4
퍼블랭킷+인쇄 (1)1,굿즈명,,수기,0.00,보류,unmatched score=0.00 freq=1
퍼블랭킷+인쇄 (2)1,굿즈명,,수기,0.00,보류,unmatched score=0.00 freq=1
퍼블랭킹,굿즈명,,수기,0.00,보류,unmatched score=0.00 freq=1
펄프박스 띠지+고무줄,굿즈명,,수기,0.00,보류,unmatched score=0.00 freq=1
펄프박스 리드,굿즈명,,수기,0.00,보류,unmatched score=0.00 freq=2
펄프박스 벌크,굿즈명,,수기,0.00,보류,unmatched score=0.00 freq=1
펄프박스 키트,굿즈명,,수기,0.00,보류,unmatched score=0.00 freq=1
펄프박스리드200,굿즈명,,수기,0.00,보류,unmatched score=0.00 freq=1
펄프박스리드75,굿즈명,,수기,0.00,보류,unmatched score=0.00 freq=1
펄프박스바디200,굿즈명,,수기,0.00,보류,unmatched score=0.00 freq=1
펄프박스키트,굿즈명,,수기,0.00,보류,unmatched score=0.00 freq=1
펄프박스키트1,굿즈명,,수기,0.00,보류,unmatched score=0.00 freq=1
페이머스캡슐보틀120,굿즈명,,수기,0.00,보류,unmatched score=0.00 freq=1
페이퍼 샤쉐1),굿즈명,,수기,0.00,보류,unmatched score=0.00 freq=1
페이퍼G형박스,굿즈명,,수기,0.00,보류,unmatched score=0.00 freq=1
페이퍼G형박스(T)_그레이,굿즈명,,수기,0.00,보류,unmatched score=0.00 freq=1
페이퍼G형박스(지지대포함),굿즈명,,수기,0.00,보류,unmatched score=0.00 freq=1
페이퍼링 씬페이퍼 봉투,굿즈명,,수기,0.00,보류,unmatched score=0.00 freq=1
페이퍼링 캘린더 다이어리 세트(달력+다이어리+펜) :,굿즈명,PIPR,유사,0.40,보류,jaccard score=0.40 freq=1
페이퍼링캘린더 +스탠다드박스100,굿즈명,,수기,0.00,보류,unmatched score=0.00 freq=1
페이퍼링캘린더 3700부,굿즈명,,수기,0.00,보류,unmatched score=0.00 freq=1
페이퍼링캘린더 사각스티커,굿즈명,,수기,0.00,보류,unmatched score=0.00 freq=1
페이퍼링캘린더+opp,굿즈명,,수기,0.00,보류,unmatched score=0.00 freq=2
페이퍼링캘린더1),굿즈명,,수기,0.00,보류,unmatched score=0.00 freq=1
페이퍼샤쉐1- 투스칸오렌지 - 오렌지커버,굿즈명,,수기,0.00,보류,unmatched score=0.00 freq=1
페이퍼샤쉐2종1개씩),굿즈명,,수기,0.00,보류,unmatched score=0.00 freq=1
페이퍼샤쉐[1 워터폴],굿즈명,,수기,0.00,보류,unmatched score=0.00 freq=1
페이퍼샤쉐[2 골든뱀부],굿즈명,,수기,0.00,보류,unmatched score=0.00 freq=1
페이퍼샤쉐[3 데이지 ],굿즈명,,수기,0.00,보류,unmatched score=0.00 freq=1
페이퍼샤쉐[4 투스칸오렌지],굿즈명,,수기,0.00,보류,unmatched score=0.00 freq=1
페이퍼샤쉐커버,굿즈명,,수기,0.00,보류,unmatched score=0.00 freq=1
펜,굿즈명,,수기,0.00,보류,unmatched score=0.00 freq=1
펜 삽입),굿즈명,,수기,0.00,보류,unmatched score=0.00 freq=1
펜1,굿즈명,,수기,0.00,보류,unmatched score=0.00 freq=19
펜1),굿즈명,,수기,0.00,보류,unmatched score=0.00 freq=17
펜1개),굿즈명,,수기,0.00,보류,unmatched score=0.00 freq=1
펜1세트),굿즈명,,수기,0.00,보류,unmatched score=0.00 freq=1
펜2,굿즈명,,수기,0.00,보류,unmatched score=0.00 freq=10
펜2),굿즈명,,수기,0.00,보류,unmatched score=0.00 freq=3
펜3,굿즈명,,수기,0.00,보류,unmatched score=0.00 freq=4
펜3),굿즈명,,수기,0.00,보류,unmatched score=0.00 freq=1
펜4,굿즈명,,수기,0.00,보류,unmatched score=0.00 freq=1
펜5),굿즈명,,수기,0.00,보류,unmatched score=0.00 freq=1
펜박스,굿즈명,,수기,0.00,보류,unmatched score=0.00 freq=1
펜배경지 (벌크),굿즈명,,수기,0.00,보류,unmatched score=0.00 freq=1
펜세트1),굿즈명,,수기,0.00,보류,unmatched score=0.00 freq=1
펜슬리브 - 1740 (1박스),굿즈명,,수기,0.00,보류,unmatched score=0.00 freq=1
펠트 더스트백 키트,굿즈명,,수기,0.67,보류,jaccard score=0.67 freq=1
펠트백 +캠핑롤테이블+비치타월,굿즈명,,수기,0.00,보류,unmatched score=0.00 freq=2
펠트백키트(+캠핑체어+롤테이블),굿즈명,,수기,0.00,보류,unmatched score=0.00 freq=1
펠트스트링파우치 키트,굿즈명,,수기,0.00,보류,unmatched score=0.00 freq=8
펠트스트링파우치 키트 200+잔여분(리유저블컵)2,굿즈명,,수기,0.00,보류,unmatched score=0.00 freq=1
펠트파우치,굿즈명,,수기,0.00,보류,unmatched score=0.00 freq=1
펠트파우치키트100,굿즈명,,수기,0.00,보류,unmatched score=0.00 freq=1
편성전략본부(즐겨봐박스,굿즈명,,수기,0.00,보류,unmatched score=0.00 freq=1
포시즌블랭킷,굿즈명,,수기,0.00,보류,unmatched score=0.00 freq=10
포시즌블랭킷 (무릎),굿즈명,,수기,0.00,보류,unmatched score=0.00 freq=1
포시즌블랭킷 (일반),굿즈명,,수기,0.00,보류,unmatched score=0.00 freq=1
포시즌블랭킷(무릎담요)1,굿즈명,,수기,0.00,보류,unmatched score=0.00 freq=1
포시즌블랭킷(무릎담요)100,굿즈명,,수기,0.00,보류,unmatched score=0.00 freq=1
포시즌블랭킷(무릎담요)60,굿즈명,,수기,0.00,보류,unmatched score=0.00 freq=1
"포시즌블랭킷(일반담요) 1""",굿즈명,,수기,0.00,보류,unmatched score=0.00 freq=1
포시즌블랭킷(일반담요)+ 스트랩,굿즈명,,수기,0.00,보류,unmatched score=0.00 freq=2
포시즌블랭킷(일반담요)1,굿즈명,,수기,0.00,보류,unmatched score=0.00 freq=1
포시즌블랭킷(일반담요)1 ),굿즈명,,수기,0.00,보류,unmatched score=0.00 freq=1
포시즌블랭킷(일반담요)30,굿즈명,,수기,0.00,보류,unmatched score=0.00 freq=1
포시즌블랭킷+인쇄,굿즈명,,수기,0.00,보류,unmatched score=0.00 freq=21
포시즌블랭킷+인쇄 (1)1,굿즈명,,수기,0.00,보류,unmatched score=0.00 freq=2
포시즌블랭킷+인쇄 (2),굿즈명,,수기,0.00,보류,unmatched score=0.00 freq=1
포시즌블랭킷+인쇄 (2)1,굿즈명,,수기,0.00,보류,unmatched score=0.00 freq=2
포시즌블랭킷1,굿즈명,,수기,0.00,보류,unmatched score=0.00 freq=1
포시즌티셔츠 +데코스티커 (L),굿즈명,,수기,0.00,보류,unmatched score=0.00 freq=1
포시즌티셔츠 +데코스티커 (XL),굿즈명,,수기,0.00,보류,unmatched score=0.00 freq=1
포시즌티셔츠 2XL,굿즈명,,수기,0.00,보류,unmatched score=0.00 freq=3
포시즌티셔츠 2XL(10),굿즈명,,수기,0.00,보류,unmatched score=0.00 freq=1
포시즌티셔츠 3XL,굿즈명,,수기,0.00,보류,unmatched score=0.00 freq=2
포시즌티셔츠 3XL(1),굿즈명,,수기,0.00,보류,unmatched score=0.00 freq=1
포시즌티셔츠 L,굿즈명,,수기,0.00,보류,unmatched score=0.00 freq=5
포시즌티셔츠 L(27),굿즈명,,수기,0.00,보류,unmatched score=0.00 freq=1
포시즌티셔츠 M,굿즈명,,수기,0.00,보류,unmatched score=0.00 freq=4
포시즌티셔츠 M(17),굿즈명,,수기,0.00,보류,unmatched score=0.00 freq=1
포시즌티셔츠 S,굿즈명,,수기,0.00,보류,unmatched score=0.00 freq=2
포시즌티셔츠 S(6),굿즈명,,수기,0.00,보류,unmatched score=0.00 freq=1
포시즌티셔츠 XL,굿즈명,,수기,0.00,보류,unmatched score=0.00 freq=4
포시즌티셔츠 XL(33),굿즈명,,수기,0.00,보류,unmatched score=0.00 freq=1
포시즌티셔츠1),굿즈명,,수기,0.00,보류,unmatched score=0.00 freq=1
포시즌티셔츠50,굿즈명,,수기,0.00,보류,unmatched score=0.00 freq=1
포시즌티셔츠L,굿즈명,,수기,0.00,보류,unmatched score=0.00 freq=1
포시즌티셔츠XL,굿즈명,,수기,0.00,보류,unmatched score=0.00 freq=1
포시즌티셔츠[블랙],굿즈명,,수기,0.00,보류,unmatched score=0.00 freq=1
포시즌티셔츠[화이트],굿즈명,,수기,0.00,보류,unmatched score=0.00 freq=1
포인트업러그,굿즈명,,수기,0.00,보류,unmatched score=0.00 freq=10
포인트업러그 2종,굿즈명,,수기,0.00,보류,unmatched score=0.00 freq=1
포인트업러그(331ea),굿즈명,,수기,0.00,보류,unmatched score=0.00 freq=1
포인트업러그(반원형) + 박스,굿즈명,,수기,0.00,보류,unmatched score=0.00 freq=1
포인트업러그(반원형)100,굿즈명,,수기,0.00,보류,unmatched score=0.00 freq=1
포인트업러그+인쇄,굿즈명,,수기,0.00,보류,unmatched score=0.00 freq=6
포인트업러그+인쇄 (1) -,굿즈명,,수기,0.00,보류,unmatched score=0.00 freq=1
포인트업러그+인쇄 (1)1,굿즈명,,수기,0.00,보류,unmatched score=0.00 freq=1
포인트업러그+인쇄 (2),굿즈명,,수기,0.00,보류,unmatched score=0.00 freq=1
포인트업러그+인쇄 (2) -,굿즈명,,수기,0.00,보류,unmatched score=0.00 freq=1
포인트업러그+인쇄 (2)1,굿즈명,,수기,0.00,보류,unmatched score=0.00 freq=1
포켓마켓백 실버,굿즈명,,수기,0.00,보류,unmatched score=0.00 freq=1
포켓마켓백 화이트,굿즈명,,수기,0.00,보류,unmatched score=0.00 freq=1
포켓마켓백100,굿즈명,,수기,0.00,보류,unmatched score=0.00 freq=1
포켓마켓백2,굿즈명,,수기,0.00,보류,unmatched score=0.00 freq=2
포켓마켓백8,굿즈명,,수기,0.00,보류,unmatched score=0.00 freq=1
포터블피크닉롤테이블,굿즈명,,수기,0.00,보류,unmatched score=0.00 freq=27
포터블피크닉롤테이블 키트,굿즈명,,수기,0.00,보류,unmatched score=0.00 freq=1
포트폴리오,굿즈명,,수기,0.00,보류,unmatched score=0.00 freq=6
포트폴리오 물품 (기타 프로젝트),굿즈명,,수기,0.00,보류,unmatched score=0.00 freq=1
폴딩방석 50개(PNA20044-고양시도서관센터) + 뱃지,굿즈명,,수기,0.00,보류,unmatched score=0.00 freq=1
폴딩스탠드1,굿즈명,,수기,0.00,보류,unmatched score=0.00 freq=1
풀커버스티치노트,굿즈명,,수기,0.00,보류,unmatched score=0.00 freq=14
풀커버스티치노트 5),굿즈명,,수기,0.00,보류,unmatched score=0.00 freq=1
풀커버스티치노트1,굿즈명,,수기,0.00,보류,unmatched score=0.00 freq=2
풀커버스티치노트1 ),굿즈명,,수기,0.00,보류,unmatched score=0.00 freq=1
풀커버스티치노트1),굿즈명,,수기,0.00,보류,unmatched score=0.00 freq=1
풀커버스티치노트10),굿즈명,,수기,0.00,보류,unmatched score=0.00 freq=1
풀커버스티치노트2),굿즈명,,수기,0.00,보류,unmatched score=0.00 freq=2
풀커버스티치노트3),굿즈명,,수기,0.00,보류,unmatched score=0.00 freq=2
풀커버스티치노트300,굿즈명,,수기,0.00,보류,unmatched score=0.00 freq=1
풀커버스프링노트3),굿즈명,,수기,0.00,보류,unmatched score=0.00 freq=1
풀커버스프링노트5 ),굿즈명,,수기,0.00,보류,unmatched score=0.00 freq=1
풀컬러스프링노트,굿즈명,,수기,0.00,보류,unmatched score=0.00 freq=1
프라우드메모패드 사각스티커,굿즈명,,수기,0.00,보류,unmatched score=0.00 freq=1
프라우드메모패드(블랙) +메모지,굿즈명,,수기,0.00,보류,unmatched score=0.00 freq=1
프라우드메모패드(컬러) + 라이트샤오미펜,굿즈명,,수기,0.00,보류,unmatched score=0.00 freq=1
프라우드메모패드1,굿즈명,,수기,0.00,보류,unmatched score=0.00 freq=1
프라우드메모패드1),굿즈명,,수기,0.00,보류,unmatched score=0.00 freq=1
프라우드투톤명함지갑(레디메이드)1,굿즈명,,수기,0.00,보류,unmatched score=0.00 freq=1
프라우드투톤명함지갑(레디메이드)1),굿즈명,,수기,0.00,보류,unmatched score=0.00 freq=1
프라우드투톤명함지갑(레디메이드)40,굿즈명,,수기,0.00,보류,unmatched score=0.00 freq=1
프라우드투톤명함지갑1),굿즈명,,수기,0.00,보류,unmatched score=0.00 freq=1
프라우드투톤명함지갑2),굿즈명,,수기,0.00,보류,unmatched score=0.00 freq=1
프라우드투톤명합지갑,굿즈명,,수기,0.00,보류,unmatched score=0.00 freq=1
프라우드투톤명합지갑+인쇄,굿즈명,,수기,0.00,보류,unmatched score=0.00 freq=1
프라임폴더블멀티충전기 40+!,굿즈명,,수기,0.00,보류,unmatched score=0.00 freq=1
프라임폴더블멀티충전기1),굿즈명,,수기,0.00,보류,unmatched score=0.00 freq=2
프레시캘린더+데코스티커,굿즈명,,수기,0.00,보류,unmatched score=0.00 freq=1
프레젠트골프공3구 [골프공O],굿즈명,,수기,0.00,보류,unmatched score=0.00 freq=1
프레젠트골프공3구 [골프공X],굿즈명,,수기,0.00,보류,unmatched score=0.00 freq=1
프로젝트 모두의 연구소 타월,굿즈명,,수기,0.00,보류,unmatched score=0.00 freq=1
프리미엄 스트링 후드집업 2XL 수량:,굿즈명,WZIP,유사,0.40,보류,jaccard score=0.40 freq=1
프리미엄 스트링 후드집업 L 수량:,굿즈명,WZIP,유사,0.40,보류,jaccard score=0.40 freq=1
프리미엄 스트링 후드집업 M 수량:,굿즈명,WZIP,유사,0.40,보류,jaccard score=0.40 freq=1
프리미엄 스트링 후드집업 S 수량:,굿즈명,WZIP,유사,0.40,보류,jaccard score=0.40 freq=1
프리미엄 스트링 후드집업 XL 수량:,굿즈명,WZIP,유사,0.40,보류,jaccard score=0.40 freq=1
프리미엄 후드집업(F,굿즈명,,수기,0.00,보류,unmatched score=0.00 freq=3
프리미엄린넨샤쉐+인쇄,굿즈명,,수기,0.00,보류,unmatched score=0.00 freq=1
프리미엄린넨샤쉐+프리미엄린넨샤쉐,굿즈명,,수기,0.00,보류,unmatched score=0.00 freq=1
프리미엄린넨샤쉐1,굿즈명,,수기,0.00,보류,unmatched score=0.00 freq=1
프리미엄스트링후드 2XL(30),굿즈명,,수기,0.00,보류,unmatched score=0.00 freq=1
프리미엄스트링후드 3XL(20),굿즈명,,수기,0.00,보류,unmatched score=0.00 freq=1
프리미엄스트링후드 L(30),굿즈명,,수기,0.00,보류,unmatched score=0.00 freq=1
프리미엄스트링후드 M(20),굿즈명,,수기,0.00,보류,unmatched score=0.00 freq=1
프리미엄스트링후드집업 2XL(10),굿즈명,,수기,0.00,보류,unmatched score=0.00 freq=1
프리미엄스트링후드집업 2XL-20,굿즈명,,수기,0.00,보류,unmatched score=0.00 freq=1
프리미엄스트링후드집업 L(15),굿즈명,,수기,0.00,보류,unmatched score=0.00 freq=1
프리미엄스트링후드집업 L-5,굿즈명,,수기,0.00,보류,unmatched score=0.00 freq=1
프리미엄스트링후드집업 M-7,굿즈명,,수기,0.00,보류,unmatched score=0.00 freq=1
프리미엄스트링후드집업 XL(15),굿즈명,,수기,0.00,보류,unmatched score=0.00 freq=1
프리미엄스트링후드집업 XL-28,굿즈명,,수기,0.00,보류,unmatched score=0.00 freq=1
프리미엄스트링후드집업(F,굿즈명,,수기,0.00,보류,unmatched score=0.00 freq=93
프리미엄스트링후드집업(S,굿즈명,,수기,0.00,보류,unmatched score=0.00 freq=57
플라스틱커버1,굿즈명,,수기,0.00,보류,unmatched score=0.00 freq=2
플라스틱커버1),굿즈명,,수기,0.00,보류,unmatched score=0.00 freq=1
플래인USB100,굿즈명,,수기,0.00,보류,unmatched score=0.00 freq=1
플러스멀티충전스테이션 (크림)1,굿즈명,,수기,0.00,보류,unmatched score=0.00 freq=1
플러스멀티충전스테이션 (크림)20,굿즈명,,수기,0.00,보류,unmatched score=0.00 freq=1
플러스멀티충전스테이션 무지 블랙,굿즈명,,수기,0.00,보류,unmatched score=0.00 freq=1
플러스멀티충전스테이션 무지 화이트,굿즈명,,수기,0.00,보류,unmatched score=0.00 freq=1
플러스멀티충전스테이션 인쇄 화이트,굿즈명,,수기,0.00,보류,unmatched score=0.00 freq=1
플러스멀티충전스테이션1,굿즈명,,수기,0.00,보류,unmatched score=0.00 freq=1
플러스멀티충전스테이션스티커50,굿즈명,,수기,0.00,보류,unmatched score=0.00 freq=1
피규어 75개+여분,굿즈명,,수기,0.00,보류,unmatched score=0.00 freq=1
피규어2종2개씩),굿즈명,,수기,0.00,보류,unmatched score=0.00 freq=1
피규어세트1,굿즈명,,수기,0.00,보류,unmatched score=0.00 freq=1
피규어세트2,굿즈명,,수기,0.00,보류,unmatched score=0.00 freq=1
피규어세트2),굿즈명,,수기,0.00,보류,unmatched score=0.00 freq=1
피규어세트3,굿즈명,,수기,0.00,보류,unmatched score=0.00 freq=1
피규어키링,굿즈명,,수기,0.00,보류,unmatched score=0.00 freq=1
피규어키링(2)3,굿즈명,,수기,0.00,보류,unmatched score=0.00 freq=1
피규어키링(3)3,굿즈명,,수기,0.00,보류,unmatched score=0.00 freq=1
피규어키링2),굿즈명,,수기,0.00,보류,unmatched score=0.00 freq=1
피규어키링3),굿즈명,,수기,0.00,보류,unmatched score=0.00 freq=1
피규어키링4),굿즈명,,수기,0.00,보류,unmatched score=0.00 freq=1
피규어키링7),굿즈명,,수기,0.00,보류,unmatched score=0.00 freq=1
피알엠,굿즈명,,수기,0.00,보류,unmatched score=0.00 freq=2
피크닉 set (328ea),굿즈명,,수기,0.00,보류,unmatched score=0.00 freq=1
피크닉set_Tailored스트랩박스 키트,굿즈명,,수기,0.00,보류,unmatched score=0.00 freq=1
피크닉매트,굿즈명,,수기,0.00,보류,unmatched score=0.00 freq=1
피크닉테이블 재제작,굿즈명,,수기,0.00,보류,unmatched score=0.00 freq=1
핑거랩스,굿즈명,,수기,0.00,보류,unmatched score=0.00 freq=1
핑거버스,굿즈명,,수기,0.00,보류,unmatched score=0.00 freq=1
핑크 10개),굿즈명,,수기,0.00,보류,unmatched score=0.00 freq=3
핑크 20개),굿즈명,,수기,0.00,보류,unmatched score=0.00 freq=1
핑크형광(검은티 L+ 흰티 L+ 후드티 XL),굿즈명,,수기,0.00,보류,unmatched score=0.00 freq=1
하우스 핸드타월그레이,굿즈명,,수기,0.00,보류,unmatched score=0.00 freq=1
하우스 핸드타월블랙,굿즈명,,수기,0.00,보류,unmatched score=0.00 freq=1
하이라이트지퍼백,굿즈명,,수기,0.00,보류,unmatched score=0.00 freq=1
하이킹폴딩방석1,굿즈명,,수기,0.00,보류,unmatched score=0.00 freq=2
하이킹폴딩방석1),굿즈명,,수기,0.00,보류,unmatched score=0.00 freq=3
하이킹폴딩방석100,굿즈명,,수기,0.00,보류,unmatched score=0.00 freq=1
하이킹폴딩방석3),굿즈명,,수기,0.00,보류,unmatched score=0.00 freq=1
하이퍼,굿즈명,,수기,0.00,보류,unmatched score=0.00 freq=2
하이퍼라이프케어,굿즈명,,수기,0.00,보류,unmatched score=0.00 freq=2
하이퍼리즘,굿즈명,,수기,0.00,보류,unmatched score=0.00 freq=1
하이퍼프리즘,굿즈명,,수기,0.00,보류,unmatched score=0.00 freq=1
합포장,굿즈명,,수기,0.00,보류,unmatched score=0.00 freq=31
합포장),굿즈명,,수기,0.00,보류,unmatched score=0.00 freq=4
핸드링선풍기1),굿즈명,,수기,0.00,보류,unmatched score=0.00 freq=1
핸디링미니선풍기 50잔여분(미니선풍기불량2-고객요청),굿즈명,,수기,0.00,보류,unmatched score=0.00 freq=1
핸디링미니선풍기1),굿즈명,,수기,0.00,보류,unmatched score=0.00 freq=1
핸디링미니선풍기[제품_무지],굿즈명,,수기,0.00,보류,unmatched score=0.00 freq=1
핸디링미니선풍기[제품_인쇄],굿즈명,,수기,0.00,보류,unmatched score=0.00 freq=1
핸디파우더솝(1입)2,굿즈명,,수기,0.00,보류,unmatched score=0.00 freq=1
행복 클리커,굿즈명,,수기,0.00,보류,unmatched score=0.00 freq=1
향기각3개),굿즈명,,수기,0.00,보류,unmatched score=0.00 freq=1
향기오일2),굿즈명,,수기,0.00,보류,unmatched score=0.00 freq=1
헤링본끈_화이트,굿즈명,,수기,0.00,보류,unmatched score=0.00 freq=1
헬로카드형USB [1,굿즈명,,수기,0.00,보류,unmatched score=0.00 freq=1
헬로카드형USB1 ),굿즈명,,수기,0.00,보류,unmatched score=0.00 freq=1
헬로카드형USB1),굿즈명,,수기,0.00,보류,unmatched score=0.00 freq=4
헬로카드형USB배경지,굿즈명,,수기,0.00,보류,unmatched score=0.00 freq=1
형광펜2,굿즈명,,수기,0.00,보류,unmatched score=0.00 freq=1
홀리데이네임택 + 브랜디드노트북백,굿즈명,,수기,0.00,보류,unmatched score=0.00 freq=1
홀리데이네임택1),굿즈명,,수기,0.00,보류,unmatched score=0.00 freq=1
홀리데이네임택2),굿즈명,,수기,0.00,보류,unmatched score=0.00 freq=1
홈set_Tailored스트랩박스 키트,굿즈명,,수기,0.00,보류,unmatched score=0.00 freq=2
홈카페코스터 100`,굿즈명,,수기,0.00,보류,unmatched score=0.00 freq=1
홈카페코스터 레드100,굿즈명,,수기,0.00,보류,unmatched score=0.00 freq=1
홈카페코스터(1)1,굿즈명,,수기,0.00,보류,unmatched score=0.00 freq=1
홈카페코스터(2)1,굿즈명,,수기,0.00,보류,unmatched score=0.00 freq=1
홈카페코스터+인쇄,굿즈명,,수기,0.00,보류,unmatched score=0.00 freq=3
홈카페코스터2,굿즈명,,수기,0.00,보류,unmatched score=0.00 freq=1
홈카페코스터블루100,굿즈명,,수기,0.00,보류,unmatched score=0.00 freq=1
홈코스터1,굿즈명,,수기,0.00,보류,unmatched score=0.00 freq=1
홈코스터1),굿즈명,,수기,0.00,보류,unmatched score=0.00 freq=1
홈코스터2 ),굿즈명,,수기,0.00,보류,unmatched score=0.00 freq=1
화이트,굿즈명,,수기,0.00,보류,unmatched score=0.00 freq=1
화이트 2XL,굿즈명,,수기,0.00,보류,unmatched score=0.00 freq=1
화이트 3XL,굿즈명,,수기,0.00,보류,unmatched score=0.00 freq=1
화이트 L,굿즈명,,수기,0.00,보류,unmatched score=0.00 freq=1
화이트 M,굿즈명,,수기,0.00,보류,unmatched score=0.00 freq=1
화이트 S,굿즈명,,수기,0.00,보류,unmatched score=0.00 freq=1
화이트 XL14,굿즈명,,수기,0.00,보류,unmatched score=0.00 freq=1
화이트 쇼핑백,굿즈명,,수기,0.00,보류,unmatched score=0.00 freq=3
화이트팬,굿즈명,,수기,0.00,보류,unmatched score=0.00 freq=1
화이트펜,굿즈명,,수기,0.00,보류,unmatched score=0.00 freq=2
회수건입니다.,굿즈명,,수기,0.00,보류,unmatched score=0.00 freq=1
후드스트링,굿즈명,,수기,0.00,보류,unmatched score=0.00 freq=1
후드집업 M사이즈,굿즈명,,수기,0.00,보류,unmatched score=0.00 freq=1
히트업손난로보조배터리 1(스티커 미부착),굿즈명,,수기,0.00,보류,unmatched score=0.00 freq=2
히트업손난로보조배터리 99(스티커 부착),굿즈명,,수기,0.00,보류,unmatched score=0.00 freq=2
히트업손난로보조배터리1,굿즈명,,수기,0.00,보류,unmatched score=0.00 freq=4
히트업손난로보조배터리3,굿즈명,,수기,0.00,보류,unmatched score=0.00 freq=1
